{
  "train_losses": [
    2.4885528684813085,
    2.45598564760105,
    2.469106962206741,
    2.4503202831883226,
    2.4402882378534,
    2.4378621159373104,
    2.4205375154966555,
    2.40295968368707,
    2.364674319286604,
    1.697518494771254
  ],
  "val_losses": [
    NaN
  ],
  "config": {
    "n_epochs": 50,
    "batch_size": 4,
    "learning_rate": 0.0001,
    "train_trajectories": 10
  }
}