{
  "processed": 200,
  "success_count": 200,
  "failed_count": 0,
  "elapsed_time": 433.55700421333313,
  "timestamp": 1754369112.631215
}