{
  "pair_id": -1,
  "trajectory_id": "inference_51pts",
  "start_pose": [
    0.0,
    0.0,
    0.0,
    0.0,
    0.0,
    0.0
  ],
  "goal_pose": [
    -0.10275904089212418,
    0.10577424615621567,
    -0.06113307178020477,
    -0.17445673148287652,
    -0.009613606598303237,
    0.06990925461963468
  ],
  "path": {
    "data": [
      [
        0.0,
        0.0,
        0.0,
        0.0,
        0.0,
        0.0
      ],
      [
        -0.001991388387978077,
        0.0022827887441962957,
        -0.0010205236030742526,
        -0.003481836591493649,
        -0.0003101294678220512,
        0.0013789281264674556
      ],
      [
        -0.003985564224421978,
        0.0045592766255140305,
        -0.002049644710496068,
        -0.006964056100904682,
        -0.0006155009614872142,
        0.0027589145089882035
      ],
      [
        -0.005982516799122095,
        0.006829430349171162,
        -0.003087341785430908,
        -0.010446653237596549,
        -0.0009161102008827804,
        0.004139942801800843
      ],
      [
        -0.00798223540186882,
        0.009093216620385647,
        -0.00413359422236681,
        -0.013929622883661025,
        -0.001211952819875295,
        0.005521995784021614
      ],
      [
        -0.009984707459807396,
        0.0113506019115448,
        -0.005188378505408764,
        -0.01741296003855687,
        -0.0015030240387328142,
        0.006905053346233477
      ],
      [
        -0.011989923194050789,
        0.01360155176371336,
        -0.006251674145460129,
        -0.020896658846056265,
        -0.0017893198673919475,
        0.00828909924086628
      ],
      [
        -0.013997870497405529,
        0.01584603451192379,
        -0.007323459722101688,
        -0.024380713681765403,
        -0.002070836450106084,
        0.009674116787996786
      ],
      [
        -0.016008537262678146,
        0.01808401569724083,
        -0.008403712883591652,
        -0.027865118996163167,
        -0.002347570219324524,
        0.011060088961093532
      ],
      [
        -0.01802191324532032,
        0.02031545899808407,
        -0.009492412209510803,
        -0.03134986993962833,
        -0.0026195176990804203,
        0.012446999565518799
      ],
      [
        -0.02003798633813858,
        0.02254033274948597,
        -0.010589536279439926,
        -0.03483496381193229,
        -0.002886675319690557,
        0.013834832047141745
      ],
      [
        -0.022056743502616882,
        0.024758603423833847,
        -0.011695061810314655,
        -0.03832039600634552,
        -0.00314903692454771,
        0.015223568849757339
      ],
      [
        -0.02407817542552948,
        0.026970235630869865,
        -0.012808967381715775,
        -0.0418061739553613,
        -0.0034065909031217867,
        0.016613195547744923
      ],
      [
        -0.026102270931005478,
        0.029175197705626488,
        -0.013931232504546642,
        -0.04529228650037878,
        -0.0036593346004833993,
        0.018003695952888338
      ],
      [
        -0.02812902256846428,
        0.03137345612049103,
        -0.015061837621033192,
        -0.048778737374880664,
        -0.003907266667099618,
        0.019395050195258688
      ],
      [
        -0.03015841543674469,
        0.0335649773478508,
        -0.016200760379433632,
        -0.05226551911392069,
        -0.004150384218525094,
        0.02078724160369848
      ],
      [
        -0.03219044208526611,
        0.035749729722738266,
        -0.01734798029065132,
        -0.05575262241573681,
        -0.004388687955658055,
        0.022180253588238965
      ],
      [
        -0.034225087612867355,
        0.03792767599225044,
        -0.018503475934267044,
        -0.05924004353270128,
        -0.0046221760570988035,
        0.023574068574561024
      ],
      [
        -0.03626234084367752,
        0.04009878635406494,
        -0.01966722682118416,
        -0.06272777308833133,
        -0.004850843463359844,
        0.02496867259660387
      ],
      [
        -0.038302186876535416,
        0.04226302355527878,
        -0.020839210599660873,
        -0.066215802560005,
        -0.005074685472962193,
        0.026364046620981536
      ],
      [
        -0.04034462198615074,
        0.044420357793569565,
        -0.0220194049179554,
        -0.06970412534475456,
        -0.0052937008888604975,
        0.027760178049022654
      ],
      [
        -0.042389627546072006,
        0.046570759266614914,
        -0.02320779114961624,
        -0.07319273841821775,
        -0.005507888030806818,
        0.029157043234838344
      ],
      [
        -0.044437188655138016,
        0.04871419817209244,
        -0.02440434694290161,
        -0.07668162967509567,
        -0.005717245031652052,
        0.030554628643063957
      ],
      [
        -0.04648729786276817,
        0.05085064470767975,
        -0.025609051808714867,
        -0.08017079857828267,
        -0.005921772986785312,
        0.0319529176818817
      ],
      [
        -0.048539940267801285,
        0.05298006162047386,
        -0.026821883395314217,
        -0.08366023296375384,
        -0.006121470107439908,
        0.03335189213955898
      ],
      [
        -0.050595104694366455,
        0.05510241910815239,
        -0.02804281935095787,
        -0.08714993447012873,
        -0.0063163339144447495,
        0.03475153337807457
      ],
      [
        -0.05265277996659279,
        0.057217687368392944,
        -0.029271835461258888,
        -0.0906398884908725,
        -0.006506361426124707,
        0.036151828673872774
      ],
      [
        -0.05471295490860939,
        0.05932583287358284,
        -0.030508913099765778,
        -0.09413008763734043,
        -0.006691549458854862,
        0.0375527577555678
      ],
      [
        -0.056775618344545364,
        0.06142682954668999,
        -0.0317540280520916,
        -0.09762052352323011,
        -0.006871895419623186,
        0.038954305166694396
      ],
      [
        -0.05884075537323952,
        0.0635206326842308,
        -0.03300716355443001,
        -0.10111118812441999,
        -0.007047404990893069,
        0.04035645034221682
      ],
      [
        -0.06090835854411125,
        0.0656072124838829,
        -0.034268297255039215,
        -0.10460207632543897,
        -0.007218078171862707,
        0.04175917630642071
      ],
      [
        -0.06297841668128967,
        0.067686527967453,
        -0.03553740307688713,
        -0.10809318200775858,
        -0.007383910686591166,
        0.043162465103343484
      ],
      [
        -0.06505091488361359,
        0.06975855678319931,
        -0.036814454942941666,
        -0.11158450821859867,
        -0.007544900442774782,
        0.04456629770423726
      ],
      [
        -0.0671258419752121,
        0.07182326167821884,
        -0.03809943422675133,
        -0.11507604022625581,
        -0.0077010466816282985,
        0.04597065805108432
      ],
      [
        -0.06920318305492401,
        0.0738806203007698,
        -0.03939231485128403,
        -0.11856777137987115,
        -0.00785235047391386,
        0.04737553115359597
      ],
      [
        -0.07128292322158813,
        0.07593060284852982,
        -0.040693074464797974,
        -0.1220596905244529,
        -0.007998809720841882,
        0.048780900842070596
      ],
      [
        -0.07336505502462387,
        0.07797317206859589,
        -0.04200168699026108,
        -0.125551797099487,
        -0.00814042211610011,
        0.050186749957049
      ],
      [
        -0.07544956356287003,
        0.08000830560922623,
        -0.04331813007593155,
        -0.12904408130319123,
        -0.00827718692278423,
        0.05159305918854112
      ],
      [
        -0.077536441385746,
        0.08203596621751785,
        -0.0446423776447773,
        -0.13253654457390476,
        -0.00840910249858573,
        0.05299981593305342
      ],
      [
        -0.07962566614151001,
        0.08405612409114838,
