{
  "avg_step_size_mm": 3.2058439403772354,
  "total_steps": 50,
  "generation_time": 0.10230565071105957,
  "success": 