{
  "env_type": "circles",
  "difficulty": "random",
  "resolution": 0.05,
  "noise_level": 0.01,
  "workspace_bounds": [
    -1,
    11,
    -1,
    11
  ],
  "clustering_eps": 0.3,
  "min_samples": 5,
  "obstacle_type": "auto",
  "num_points": 925,
  "num_obstacles": 4,
  "seed": 6258,
  "environment_details": {
    "environment_type": "circle_only",
    "config": {
      "num_obstacles": 4,
      "obstacle_size_range": [
        0.1,
        1.0
      ],
      "density_level": "sparse",
      "complexity_level": "simple",
      "spatial_distribution": "arc",
      "workspace_utilization": 0.4183541101335196,
      "min_distance_factor": 2.026948443565039
    },
    "num_obstacles": 4,
    "obstacles": [
      {
        "id": 0,
        "position": [
          1.7331058979034424,
          4.106000900268555
        ],
        "radius": 0.6431675553321838,
        "type": "circle"
      },
      {
        "id": 1,
        "position": [
          3.559617280960083,
          4.587752342224121
        ],
        "radius": 0.0994439423084259,
        "type": "circle"
      },
      {
        "id": 2,
        "position": [
          9.462139129638672,
          5.523860931396484
        ],
        "radius": 0.5017620325088501,
        "type": "circle"
      },
      {
        "id": 3,
        "position": [
          4.446530818939209,
          2.7825188636779785
        ],
        "radius": 0.24807368218898773,
        "type": "circle"
      }
    ],
    "workspace_bounds": [
      0,
      10,
      0,
      8
    ],
    "robot_base_position": [
      0,
      0
    ],
    "generation_timestamp": null
  },
  "generation_timestamp": "2025-07-14T16:39:48.597565"
}