{
  "env_type": "circles",
  "difficulty": "easy",
  "resolution": 0.05,
  "noise_level": 0.01,
  "workspace_bounds": [
    -1,
    11,
    -1,
    11
  ],
  "clustering_eps": 0.3,
  "min_samples": 5,
  "obstacle_type": "auto",
  "num_points": 437,
  "num_obstacles": 4,
  "seed": 9510,
  "environment_details": {
    "environment_type": "circle_only",
    "config": {
      "num_obstacles": 4,
      "obstacle_size_range": [
        0.15,
        0.35
      ],
      "density_level": "sparse",
      "complexity_level": "simple",
      "spatial_distribution": "distributed",
      "workspace_utilization": 0.4,
      "min_distance_factor": 1.8
    },
    "num_obstacles": 4,
    "obstacles": [
      {
        "id": 0,
        "position": [
          8.734389305114746,
          2.8208425045013428
        ],
        "radius": 0.28976649045944214,
        "type": "circle"
      },
      {
        "id": 1,
        "position": [
          2.8506035804748535,
          2.042282819747925
        ],
        "radius": 0.2933577001094818,
        "type": "circle"
      },
      {
        "id": 2,
        "position": [
          1.395872712135315,
          5.570589065551758
        ],
        "radius": 0.31772956252098083,
        "type": "circle"
      },
      {
        "id": 3,
        "position": [
          7.548984527587891,
          2.2899370193481445
        ],
        "radius": 0.27843230962753296,
        "type": "circle"
      }
    ],
    "workspace_bounds": [
      0,
      10,
      0,
      8
    ],
    "robot_base_position": [
      0,
      0
    ],
    "generation_timestamp": null
  },
  "generation_timestamp": "2025-07-14T16:51:41.511864"
}