{
  "env_type": "circles",
  "difficulty": "easy",
  "resolution": 0.05,
  "noise_level": 0.01,
  "workspace_bounds": [
    -1,
    11,
    -1,
    11
  ],
  "clustering_eps": 0.3,
  "min_samples": 5,
  "obstacle_type": "auto",
  "num_points": 425,
  "num_obstacles": 4,
  "seed": 6257,
  "environment_details": {
    "environment_type": "circle_only",
    "config": {
      "num_obstacles": 4,
      "obstacle_size_range": [
        0.25,
        0.45
      ],
      "density_level": "sparse",
      "complexity_level": "simple",
      "spatial_distribution": "distributed",
      "workspace_utilization": 0.4,
      "min_distance_factor": 1.8
    },
    "num_obstacles": 4,
    "obstacles": [
      {
        "id": 0,
        "position": [
          1.0443670749664307,
          6.422713279724121
        ],
        "radius": 0.3035396635532379,
        "type": "circle"
      },
      {
        "id": 1,
        "position": [
          5.0287604331970215,
          4.481389999389648
        ],
        "radius": 0.2941966652870178,
        "type": "circle"
      },
      {
        "id": 2,
        "position": [
          6.806262016296387,
          1.3036694526672363
        ],
        "radius": 0.33158883452415466,
        "type": "circle"
      },
      {
        "id": 3,
        "position": [
          5.653289794921875,
          4.070667743682861
        ],
        "radius": 0.21160435676574707,
        "type": "circle"
      }
    ],
    "workspace_bounds": [
      0,
      10,
      0,
      8
    ],
    "robot_base_position": [
      0,
      0
    ],
    "generation_timestamp": null
  },
  "generation_timestamp": "2025-07-14T16:39:48.524437"
}