{
  "env_type": "circles",
  "difficulty": "random",
  "resolution": 0.05,
  "noise_level": 0.01,
  "workspace_bounds": [
    -1,
    11,
    -1,
    11
  ],
  "clustering_eps": 0.3,
  "min_samples": 5,
  "obstacle_type": "auto",
  "num_points": 836,
  "num_obstacles": 3,
  "seed": 5938,
  "environment_details": {
    "environment_type": "circle_only",
    "config": {
      "num_obstacles": 3,
      "obstacle_size_range": [
        0.35,
        0.65
      ],
      "density_level": "dense",
      "complexity_level": "simple",
      "spatial_distribution": "edge",
      "workspace_utilization": 0.40855293117388614,
      "min_distance_factor": 0.3474213520773441
    },
    "num_obstacles": 3,
    "obstacles": [
      {
        "id": 0,
        "position": [
          7.749063491821289,
          3.9644253253936768
        ],
        "radius": 0.323659747838974,
        "type": "circle"
      },
      {
        "id": 1,
        "position": [
          2.6727683544158936,
          0.9129113554954529
        ],
        "radius": 0.46521425247192383,
        "type": "circle"
      },
      {
        "id": 2,
        "position": [
          2.6005444526672363,
          1.8781863451004028
        ],
        "radius": 0.5948355197906494,
        "type": "circle"
      }
    ],
    "workspace_bounds": [
      0,
      10,
      0,
      8
    ],
    "robot_base_position": [
      0,
      0
    ],
    "generation_timestamp": null
  },
  "generation_timestamp": "2025-07-14T16:38:38.855711"
}