{
  "env_type": "circles",
  "difficulty": "easy",
  "resolution": 0.05,
  "noise_level": 0.01,
  "workspace_bounds": [
    -1,
    11,
    -1,
    11
  ],
  "clustering_eps": 0.3,
  "min_samples": 5,
  "obstacle_type": "auto",
  "num_points": 426,
  "num_obstacles": 4,
  "seed": 3762,
  "environment_details": {
    "environment_type": "circle_only",
    "config": {
      "num_obstacles": 4,
      "obstacle_size_range": [
        0.15,
        0.35
      ],
      "density_level": "sparse",
      "complexity_level": "simple",
      "spatial_distribution": "center",
      "workspace_utilization": 0.4,
      "min_distance_factor": 1.8
    },
    "num_obstacles": 4,
    "obstacles": [
      {
        "id": 0,
        "position": [
          5.0635762214660645,
          4.680953025817871
        ],
        "radius": 0.301365464925766,
        "type": "circle"
      },
      {
        "id": 1,
        "position": [
          4.540783405303955,
          4.415565013885498
        ],
        "radius": 0.1907723844051361,
        "type": "circle"
      },
      {
        "id": 2,
        "position": [
          4.474160194396973,
          3.4495954513549805
        ],
        "radius": 0.34856531023979187,
        "type": "circle"
      },
      {
        "id": 3,
        "position": [
          5.524438858032227,
          3.6775708198547363
        ],
        "radius": 0.29897043108940125,
        "type": "circle"
      }
    ],
    "workspace_bounds": [
      0,
      10,
      0,
      8
    ],
    "robot_base_position": [
      0,
      0
    ],
    "generation_timestamp": null
  },
  "generation_timestamp": "2025-07-14T16:30:38.755763"
}