{
  "env_type": "circles",
  "difficulty": "easy",
  "resolution": 0.05,
  "noise_level": 0.01,
  "workspace_bounds": [
    -1,
    11,
    -1,
    11
  ],
  "clustering_eps": 0.3,
  "min_samples": 5,
  "obstacle_type": "auto",
  "num_points": 267,
  "num_obstacles": 4,
  "seed": 5876,
  "environment_details": {
    "environment_type": "circle_only",
    "config": {
      "num_obstacles": 4,
      "obstacle_size_range": [
        0.15,
        0.35
      ],
      "density_level": "sparse",
      "complexity_level": "simple",
      "spatial_distribution": "center",
      "workspace_utilization": 0.4,
      "min_distance_factor": 1.8
    },
    "num_obstacles": 4,
    "obstacles": [
      {
        "id": 0,
        "position": [
          4.406088829040527,
          3.8774290084838867
        ],
        "radius": 0.171152725815773,
        "type": "circle"
      },
      {
        "id": 1,
        "position": [
          5.149877548217773,
          3.9944262504577637
        ],
        "radius": 0.23673373460769653,
        "type": "circle"
      },
      {
        "id": 2,
        "position": [
          6.175593376159668,
          3.9799602031707764
        ],
        "radius": 0.19273164868354797,
        "type": "circle"
      },
      {
        "id": 3,
        "position": [
          5.5850653648376465,
          4.438624858856201
        ],
        "radius": 0.3002490997314453,
        "type": "circle"
      }
    ],
    "workspace_bounds": [
      0,
      10,
      0,
      8
    ],
    "robot_base_position": [
      0,
      0
    ],
    "generation_timestamp": null
  },
  "generation_timestamp": "2025-07-14T16:38:23.938307"
}