{
  "env_type": "circles",
  "difficulty": "easy",
  "resolution": 0.05,
  "noise_level": 0.01,
  "workspace_bounds": [
    -1,
    11,
    -1,
    11
  ],
  "clustering_eps": 0.3,
  "min_samples": 5,
  "obstacle_type": "auto",
  "num_points": 813,
  "num_obstacles": 4,
  "seed": 1492,
  "environment_details": {
    "environment_type": "circle_only",
    "config": {
      "num_obstacles": 4,
      "obstacle_size_range": [
        0.25,
        0.45
      ],
      "density_level": "sparse",
      "complexity_level": "simple",
      "spatial_distribution": "distributed",
      "workspace_utilization": 0.4,
      "min_distance_factor": 1.8
    },
    "num_obstacles": 4,
    "obstacles": [
      {
        "id": 0,
        "position": [
          8.64763069152832,
          5.523574352264404
        ],
        "radius": 0.3313194215297699,
        "type": "circle"
      },
      {
        "id": 1,
        "position": [
          6.767881393432617,
          1.8933802843093872
        ],
        "radius": 0.45012056827545166,
        "type": "circle"
      },
      {
        "id": 2,
        "position": [
          8.12971305847168,
          3.8365325927734375
        ],
        "radius": 0.28819605708122253,
        "type": "circle"
      },
      {
        "id": 3,
        "position": [
          5.4267377853393555,
          3.4060473442077637
        ],
        "radius": 0.49842914938926697,
        "type": "circle"
      }
    ],
    "workspace_bounds": [
      0,
      10,
      0,
      8
    ],
    "robot_base_position": [
      0,
      0
    ],
    "generation_timestamp": null
  },
  "generation_timestamp": "2025-07-14T16:22:18.749383"
}