{
  "env_type": "circles",
  "difficulty": "random",
  "resolution": 0.05,
  "noise_level": 0.01,
  "workspace_bounds": [
    -1,
    11,
    -1,
    11
  ],
  "clustering_eps": 0.3,
  "min_samples": 5,
  "obstacle_type": "auto",
  "num_points": 1287,
  "num_obstacles": 4,
  "seed": 3242,
  "environment_details": {
    "environment_type": "circle_only",
    "config": {
      "num_obstacles": 4,
      "obstacle_size_range": [
        0.1,
        1.0
      ],
      "density_level": "medium",
      "complexity_level": "complex",
      "spatial_distribution": "clusters",
      "workspace_utilization": 0.2734292998930391,
      "min_distance_factor": 1.0051539248784271
    },
    "num_obstacles": 4,
    "obstacles": [
      {
        "id": 0,
        "position": [
          3.3603482246398926,
          4.309406757354736
        ],
        "radius": 0.7555177211761475,
        "type": "circle"
      },
      {
        "id": 1,
        "position": [
          1.281427264213562,
          4.959855556488037
        ],
        "radius": 0.503315806388855,
        "type": "circle"
      },
      {
        "id": 2,
        "position": [
          6.64231014251709,
          2.9232773780822754
        ],
        "radius": 0.386074960231781,
        "type": "circle"
      },
      {
        "id": 3,
        "position": [
          7.33974552154541,
          4.384506702423096
        ],
        "radius": 0.2274601310491562,
        "type": "circle"
      }
    ],
    "workspace_bounds": [
      0,
      10,
      0,
      8
    ],
    "robot_base_position": [
      0,
      0
    ],
    "generation_timestamp": null
  },
  "generation_timestamp": "2025-07-14T16:28:49.062250"
}