{
  "env_type": "circles",
  "difficulty": "random",
  "resolution": 0.05,
  "noise_level": 0.01,
  "workspace_bounds": [
    -1,
    11,
    -1,
    11
  ],
  "clustering_eps": 0.3,
  "min_samples": 5,
  "obstacle_type": "auto",
  "num_points": 2022,
  "num_obstacles": 4,
  "seed": 8416,
  "environment_details": {
    "environment_type": "circle_only",
    "config": {
      "num_obstacles": 4,
      "obstacle_size_range": [
        0.1,
        1.0
      ],
      "density_level": "medium",
      "complexity_level": "simple",
      "spatial_distribution": "edge",
      "workspace_utilization": 0.45881598820221703,
      "min_distance_factor": 1.107670977887218
    },
    "num_obstacles": 4,
    "obstacles": [
      {
        "id": 0,
        "position": [
          7.9480977058410645,
          0.6883451342582703
        ],
        "radius": 0.3981862962245941,
        "type": "circle"
      },
      {
        "id": 1,
        "position": [
          6.560966491699219,
          6.960190773010254
        ],
        "radius": 0.2049327790737152,
        "type": "circle"
      },
      {
        "id": 2,
        "position": [
          7.971149921417236,
          7.365761756896973
        ],
        "radius": 0.5006616115570068,
        "type": "circle"
      },
      {
        "id": 3,
        "position": [
          3.874262571334839,
          1.0686063766479492
        ],
        "radius": 1.076558232307434,
        "type": "circle"
      }
    ],
    "workspace_bounds": [
      0,
      10,
      0,
      8
    ],
    "robot_base_position": [
      0,
      0
    ],
    "generation_timestamp": null
  },
  "generation_timestamp": "2025-07-14T16:47:46.616072"
}