{
  "env_type": "circles",
  "difficulty": "random",
  "resolution": 0.05,
  "noise_level": 0.01,
  "workspace_bounds": [
    -1,
    11,
    -1,
    11
  ],
  "clustering_eps": 0.3,
  "min_samples": 5,
  "obstacle_type": "auto",
  "num_points": 473,
  "num_obstacles": 4,
  "seed": 5800,
  "environment_details": {
    "environment_type": "circle_only",
    "config": {
      "num_obstacles": 4,
      "obstacle_size_range": [
        0.1,
        1.0
      ],
      "density_level": "dense",
      "complexity_level": "complex",
      "spatial_distribution": "line",
      "workspace_utilization": 0.27625834337809935,
      "min_distance_factor": 0.4872299523944803
    },
    "num_obstacles": 4,
    "obstacles": [
      {
        "id": 0,
        "position": [
          5.346645832061768,
          4.571898460388184
        ],
        "radius": 0.16557154059410095,
        "type": "circle"
      },
      {
        "id": 1,
        "position": [
          8.888379096984863,
          1.1704986095428467
        ],
        "radius": 0.29860273003578186,
        "type": "circle"
      },
      {
        "id": 2,
        "position": [
          5.563409328460693,
          2.3764402866363525
        ],
        "radius": 0.18985772132873535,
        "type": "circle"
      },
      {
        "id": 3,
        "position": [
          7.722064971923828,
          6.3500075340271
        ],
        "radius": 0.47129106521606445,
        "type": "circle"
      }
    ],
    "workspace_bounds": [
      0,
      10,
      0,
      8
    ],
    "robot_base_position": [
      0,
      0
    ],
    "generation_timestamp": null
  },
  "generation_timestamp": "2025-07-14T16:38:06.403038"
}