{
  "env_type": "circles",
  "difficulty": "easy",
  "resolution": 0.05,
  "noise_level": 0.01,
  "workspace_bounds": [
    -1,
    11,
    -1,
    11
  ],
  "clustering_eps": 0.3,
  "min_samples": 5,
  "obstacle_type": "auto",
  "num_points": 474,
  "num_obstacles": 4,
  "seed": 312,
  "environment_details": {
    "environment_type": "circle_only",
    "config": {
      "num_obstacles": 4,
      "obstacle_size_range": [
        0.25,
        0.45
      ],
      "density_level": "sparse",
      "complexity_level": "simple",
      "spatial_distribution": "center",
      "workspace_utilization": 0.4,
      "min_distance_factor": 1.8
    },
    "num_obstacles": 4,
    "obstacles": [
      {
        "id": 0,
        "position": [
          4.476715564727783,
          3.660299062728882
        ],
        "radius": 0.27484259009361267,
        "type": "circle"
      },
      {
        "id": 1,
        "position": [
          5.979882717132568,
          4.741382122039795
        ],
        "radius": 0.24828924238681793,
        "type": "circle"
      },
      {
        "id": 2,
        "position": [
          5.1701178550720215,
          4.0747456550598145
        ],
        "radius": 0.26332518458366394,
        "type": "circle"
      },
      {
        "id": 3,
        "position": [
          5.638524532318115,
          3.4494621753692627
        ],
        "radius": 0.4112938344478607,
        "type": "circle"
      }
    ],
    "workspace_bounds": [
      0,
      10,
      0,
      8
    ],
    "robot_base_position": [
      0,
      0
    ],
    "generation_timestamp": null
  },
  "generation_timestamp": "2025-07-14T16:18:00.884065"
}