{
  "env_type": "circles",
  "difficulty": "easy",
  "resolution": 0.05,
  "noise_level": 0.01,
  "workspace_bounds": [
    -1,
    11,
    -1,
    11
  ],
  "clustering_eps": 0.3,
  "min_samples": 5,
  "obstacle_type": "auto",
  "num_points": 543,
  "num_obstacles": 4,
  "seed": 101,
  "environment_details": {
    "environment_type": "circle_only",
    "config": {
      "num_obstacles": 4,
      "obstacle_size_range": [
        0.25,
        0.45
      ],
      "density_level": "sparse",
      "complexity_level": "simple",
      "spatial_distribution": "distributed",
      "workspace_utilization": 0.4,
      "min_distance_factor": 1.8
    },
    "num_obstacles": 4,
    "obstacles": [
      {
        "id": 0,
        "position": [
          3.796818733215332,
          3.5658740997314453
        ],
        "radius": 0.34978851675987244,
        "type": "circle"
      },
      {
        "id": 1,
        "position": [
          3.1695563793182373,
          1.6274659633636475
        ],
        "radius": 0.24674461781978607,
        "type": "circle"
      },
      {
        "id": 2,
        "position": [
          4.784299850463867,
          4.261295795440674
        ],
        "radius": 0.2841269075870514,
        "type": "circle"
      },
      {
        "id": 3,
        "position": [
          2.6286964416503906,
          6.003945827484131
        ],
        "radius": 0.40897008776664734,
        "type": "circle"
      }
    ],
    "workspace_bounds": [
      0,
      10,
      0,
      8
    ],
    "robot_base_position": [
      0,
      0
    ],
    "generation_timestamp": null
  },
  "generation_timestamp": "2025-07-14T16:17:16.650997"
}