{
  "env_type": "circles",
  "difficulty": "random",
  "resolution": 0.05,
  "noise_level": 0.01,
  "workspace_bounds": [
    -1,
    11,
    -1,
    11
  ],
  "clustering_eps": 0.3,
  "min_samples": 5,
  "obstacle_type": "auto",
  "num_points": 581,
  "num_obstacles": 4,
  "seed": 6620,
  "environment_details": {
    "environment_type": "circle_only",
    "config": {
      "num_obstacles": 4,
      "obstacle_size_range": [
        0.1,
        1.0
      ],
      "density_level": "dense",
      "complexity_level": "medium",
      "spatial_distribution": "clusters",
      "workspace_utilization": 0.3682703481343565,
      "min_distance_factor": 0.4025041856172939
    },
    "num_obstacles": 4,
    "obstacles": [
      {
        "id": 0,
        "position": [
          2.30536150932312,
          2.6449036598205566
        ],
        "radius": 0.20892839133739471,
        "type": "circle"
      },
      {
        "id": 1,
        "position": [
          2.637713670730591,
          3.1540451049804688
        ],
        "radius": 0.5989700555801392,
        "type": "circle"
      },
      {
        "id": 2,
        "position": [
          4.189451694488525,
          7.214412212371826
        ],
        "radius": 0.10480784624814987,
        "type": "circle"
      },
      {
        "id": 3,
        "position": [
          5.862698078155518,
          5.508123874664307
        ],
        "radius": 0.2624896168708801,
        "type": "circle"
      }
    ],
    "workspace_bounds": [
      0,
      10,
      0,
      8
    ],
    "robot_base_position": [
      0,
      0
    ],
    "generation_timestamp": null
  },
  "generation_timestamp": "2025-07-14T16:41:09.270158"
}