{
  "env_type": "circles",
  "difficulty": "easy",
  "resolution": 0.05,
  "noise_level": 0.01,
  "workspace_bounds": [
    -1,
    11,
    -1,
    11
  ],
  "clustering_eps": 0.3,
  "min_samples": 5,
  "obstacle_type": "auto",
  "num_points": 437,
  "num_obstacles": 4,
  "seed": 3594,
  "environment_details": {
    "environment_type": "circle_only",
    "config": {
      "num_obstacles": 4,
      "obstacle_size_range": [
        0.15,
        0.35
      ],
      "density_level": "sparse",
      "complexity_level": "simple",
      "spatial_distribution": "center",
      "workspace_utilization": 0.4,
      "min_distance_factor": 1.8
    },
    "num_obstacles": 4,
    "obstacles": [
      {
        "id": 0,
        "position": [
          5.8584771156311035,
          4.237653732299805
        ],
        "radius": 0.30057162046432495,
        "type": "circle"
      },
      {
        "id": 1,
        "position": [
          5.063867568969727,
          4.460302352905273
        ],
        "radius": 0.299398809671402,
        "type": "circle"
      },
      {
        "id": 2,
        "position": [
          4.639317035675049,
          3.305927276611328
        ],
        "radius": 0.22936730086803436,
        "type": "circle"
      },
      {
        "id": 3,
        "position": [
          5.806129455566406,
          3.6785166263580322
        ],
        "radius": 0.3479534983634949,
        "type": "circle"
      }
    ],
    "workspace_bounds": [
      0,
      10,
      0,
      8
    ],
    "robot_base_position": [
      0,
      0
    ],
    "generation_timestamp": null
  },
  "generation_timestamp": "2025-07-14T16:30:02.459069"
}