{
  "env_type": "circles",
  "difficulty": "random",
  "resolution": 0.05,
  "noise_level": 0.01,
  "workspace_bounds": [
    -1,
    11,
    -1,
    11
  ],
  "clustering_eps": 0.3,
  "min_samples": 5,
  "obstacle_type": "auto",
  "num_points": 123,
  "num_obstacles": 4,
  "seed": 1126,
  "environment_details": {
    "environment_type": "circle_only",
    "config": {
      "num_obstacles": 4,
      "obstacle_size_range": [
        0.1,
        0.2
      ],
      "density_level": "medium",
      "complexity_level": "medium",
      "spatial_distribution": "line",
      "workspace_utilization": 0.4570945916222427,
      "min_distance_factor": 1.45096461932403
    },
    "num_obstacles": 4,
    "obstacles": [
      {
        "id": 0,
        "position": [
          7.7557549476623535,
          1.6355931758880615
        ],
        "radius": 0.1634407490491867,
        "type": "circle"
      },
      {
        "id": 1,
        "position": [
          7.919563293457031,
          3.433417558670044
        ],
        "radius": 0.19341155886650085,
        "type": "circle"
      },
      {
        "id": 2,
        "position": [
          7.204774856567383,
          2.200320243835449
        ],
        "radius": 0.07314035296440125,
        "type": "circle"
      },
      {
        "id": 3,
        "position": [
          2.0977609157562256,
          1.926965355873108
        ],
        "radius": 0.16374702751636505,
        "type": "circle"
      }
    ],
    "workspace_bounds": [
      0,
      10,
      0,
      8
    ],
    "robot_base_position": [
      0,
      0
    ],
    "generation_timestamp": null
  },
  "generation_timestamp": "2025-07-14T16:20:59.485740"
}