{
  "env_type": "circles",
  "difficulty": "random",
  "resolution": 0.05,
  "noise_level": 0.01,
  "workspace_bounds": [
    -1,
    11,
    -1,
    11
  ],
  "clustering_eps": 0.3,
  "min_samples": 5,
  "obstacle_type": "auto",
  "num_points": 141,
  "num_obstacles": 4,
  "seed": 3876,
  "environment_details": {
    "environment_type": "circle_only",
    "config": {
      "num_obstacles": 4,
      "obstacle_size_range": [
        0.1,
        0.2
      ],
      "density_level": "medium",
      "complexity_level": "complex",
      "spatial_distribution": "distributed",
      "workspace_utilization": 0.4353975650590891,
      "min_distance_factor": 1.4040291344195759
    },
    "num_obstacles": 4,
    "obstacles": [
      {
        "id": 0,
        "position": [
          7.9475836753845215,
          0.9981832504272461
        ],
        "radius": 0.058344438672065735,
        "type": "circle"
      },
      {
        "id": 1,
        "position": [
          8.239337921142578,
          4.194324016571045
        ],
        "radius": 0.12501928210258484,
        "type": "circle"
      },
      {
        "id": 2,
        "position": [
          4.7490949630737305,
          2.5613162517547607
        ],
        "radius": 0.25808650255203247,
        "type": "circle"
      },
      {
        "id": 3,
        "position": [
          3.363309383392334,
          6.27869176864624
        ],
        "radius": 0.16167205572128296,
        "type": "circle"
      }
    ],
    "workspace_bounds": [
      0,
      10,
      0,
      8
    ],
    "robot_base_position": [
      0,
      0
    ],
    "generation_timestamp": null
  },
  "generation_timestamp": "2025-07-14T16:31:01.867615"
}