{
  "env_type": "circles",
  "difficulty": "easy",
  "resolution": 0.05,
  "noise_level": 0.01,
  "workspace_bounds": [
    -1,
    11,
    -1,
    11
  ],
  "clustering_eps": 0.3,
  "min_samples": 5,
  "obstacle_type": "auto",
  "num_points": 368,
  "num_obstacles": 4,
  "seed": 5869,
  "environment_details": {
    "environment_type": "circle_only",
    "config": {
      "num_obstacles": 4,
      "obstacle_size_range": [
        0.25,
        0.45
      ],
      "density_level": "sparse",
      "complexity_level": "simple",
      "spatial_distribution": "center",
      "workspace_utilization": 0.4,
      "min_distance_factor": 1.8
    },
    "num_obstacles": 4,
    "obstacles": [
      {
        "id": 0,
        "position": [
          5.965165138244629,
          3.9166038036346436
        ],
        "radius": 0.2597271800041199,
        "type": "circle"
      },
      {
        "id": 1,
        "position": [
          5.7887983322143555,
          4.751373767852783
        ],
        "radius": 0.28800520300865173,
        "type": "circle"
      },
      {
        "id": 2,
        "position": [
          4.393012046813965,
          3.3010294437408447
        ],
        "radius": 0.19704391062259674,
        "type": "circle"
      },
      {
        "id": 3,
        "position": [
          5.19047212600708,
          3.4199345111846924
        ],
        "radius": 0.33063361048698425,
        "type": "circle"
      }
    ],
    "workspace_bounds": [
      0,
      10,
      0,
      8
    ],
    "robot_base_position": [
      0,
      0
    ],
    "generation_timestamp": null
  },
  "generation_timestamp": "2025-07-14T16:38:22.506116"
}