{
  "env_type": "circles",
  "difficulty": "easy",
  "resolution": 0.05,
  "noise_level": 0.01,
  "workspace_bounds": [
    -1,
    11,
    -1,
    11
  ],
  "clustering_eps": 0.3,
  "min_samples": 5,
  "obstacle_type": "auto",
  "num_points": 668,
  "num_obstacles": 4,
  "seed": 3878,
  "environment_details": {
    "environment_type": "circle_only",
    "config": {
      "num_obstacles": 4,
      "obstacle_size_range": [
        0.25,
        0.45
      ],
      "density_level": "sparse",
      "complexity_level": "simple",
      "spatial_distribution": "center",
      "workspace_utilization": 0.4,
      "min_distance_factor": 1.8
    },
    "num_obstacles": 4,
    "obstacles": [
      {
        "id": 0,
        "position": [
          4.2421393394470215,
          4.263050079345703
        ],
        "radius": 0.31306010484695435,
        "type": "circle"
      },
      {
        "id": 1,
        "position": [
          4.389136791229248,
          3.3318324089050293
        ],
        "radius": 0.36553245782852173,
        "type": "circle"
      },
      {
        "id": 2,
        "position": [
          5.975124359130859,
          3.276414155960083
        ],
        "radius": 0.33870750665664673,
        "type": "circle"
      },
      {
        "id": 3,
        "position": [
          5.592710494995117,
          4.15033483505249
        ],
        "radius": 0.4286063611507416,
        "type": "circle"
      }
    ],
    "workspace_bounds": [
      0,
      10,
      0,
      8
    ],
    "robot_base_position": [
      0,
      0
    ],
    "generation_timestamp": null
  },
  "generation_timestamp": "2025-07-14T16:31:02.457357"
}