{
  "env_type": "circles",
  "difficulty": "easy",
  "resolution": 0.05,
  "noise_level": 0.01,
  "workspace_bounds": [
    -1,
    11,
    -1,
    11
  ],
  "clustering_eps": 0.3,
  "min_samples": 5,
  "obstacle_type": "auto",
  "num_points": 468,
  "num_obstacles": 4,
  "seed": 5478,
  "environment_details": {
    "environment_type": "circle_only",
    "config": {
      "num_obstacles": 4,
      "obstacle_size_range": [
        0.15,
        0.35
      ],
      "density_level": "sparse",
      "complexity_level": "simple",
      "spatial_distribution": "center",
      "workspace_utilization": 0.4,
      "min_distance_factor": 1.8
    },
    "num_obstacles": 4,
    "obstacles": [
      {
        "id": 0,
        "position": [
          5.5853118896484375,
          4.636475563049316
        ],
        "radius": 0.1731608361005783,
        "type": "circle"
      },
      {
        "id": 1,
        "position": [
          5.333848476409912,
          4.230960845947266
        ],
        "radius": 0.3508073389530182,
        "type": "circle"
      },
      {
        "id": 2,
        "position": [
          4.303353786468506,
          4.7008538246154785
        ],
        "radius": 0.3787429928779602,
        "type": "circle"
      },
      {
        "id": 3,
        "position": [
          6.1586222648620605,
          3.7099852561950684
        ],
        "radius": 0.28142207860946655,
        "type": "circle"
      }
    ],
    "workspace_bounds": [
      0,
      10,
      0,
      8
    ],
    "robot_base_position": [
      0,
      0
    ],
    "generation_timestamp": null
  },
  "generation_timestamp": "2025-07-14T16:36:51.985913"
}