{
  "env_type": "circles",
  "difficulty": "easy",
  "resolution": 0.05,
  "noise_level": 0.01,
  "workspace_bounds": [
    -1,
    11,
    -1,
    11
  ],
  "clustering_eps": 0.3,
  "min_samples": 5,
  "obstacle_type": "auto",
  "num_points": 557,
  "num_obstacles": 4,
  "seed": 5047,
  "environment_details": {
    "environment_type": "circle_only",
    "config": {
      "num_obstacles": 4,
      "obstacle_size_range": [
        0.25,
        0.45
      ],
      "density_level": "sparse",
      "complexity_level": "simple",
      "spatial_distribution": "distributed",
      "workspace_utilization": 0.4,
      "min_distance_factor": 1.8
    },
    "num_obstacles": 4,
    "obstacles": [
      {
        "id": 0,
        "position": [
          7.915808200836182,
          6.284367084503174
        ],
        "radius": 0.42596912384033203,
        "type": "circle"
      },
      {
        "id": 1,
        "position": [
          6.166571617126465,
          5.16917085647583
        ],
        "radius": 0.25163573026657104,
        "type": "circle"
      },
      {
        "id": 2,
        "position": [
          2.9252448081970215,
          4.201695919036865
        ],
        "radius": 0.26303961873054504,
        "type": "circle"
      },
      {
        "id": 3,
        "position": [
          3.5007307529449463,
          3.0965888500213623
        ],
        "radius": 0.3574407696723938,
        "type": "circle"
      }
    ],
    "workspace_bounds": [
      0,
      10,
      0,
      8
    ],
    "robot_base_position": [
      0,
      0
    ],
    "generation_timestamp": null
  },
  "generation_timestamp": "2025-07-14T16:35:15.902590"
}