{
  "env_type": "circles",
  "difficulty": "easy",
  "resolution": 0.05,
  "noise_level": 0.01,
  "workspace_bounds": [
    -1,
    11,
    -1,
    11
  ],
  "clustering_eps": 0.3,
  "min_samples": 5,
  "obstacle_type": "auto",
  "num_points": 352,
  "num_obstacles": 4,
  "seed": 1263,
  "environment_details": {
    "environment_type": "circle_only",
    "config": {
      "num_obstacles": 4,
      "obstacle_size_range": [
        0.15,
        0.35
      ],
      "density_level": "sparse",
      "complexity_level": "simple",
      "spatial_distribution": "distributed",
      "workspace_utilization": 0.4,
      "min_distance_factor": 1.8
    },
    "num_obstacles": 4,
    "obstacles": [
      {
        "id": 0,
        "position": [
          6.639727592468262,
          1.3143154382705688
        ],
        "radius": 0.17158284783363342,
        "type": "circle"
      },
      {
        "id": 1,
        "position": [
          5.675271511077881,
          4.3093366622924805
        ],
        "radius": 0.3943001329898834,
        "type": "circle"
      },
      {
        "id": 2,
        "position": [
          2.4683642387390137,
          6.221009731292725
        ],
        "radius": 0.17487888038158417,
        "type": "circle"
      },
      {
        "id": 3,
        "position": [
          3.3673651218414307,
          0.6126798987388611
        ],
        "radius": 0.25424492359161377,
        "type": "circle"
      }
    ],
    "workspace_bounds": [
      0,
      10,
      0,
      8
    ],
    "robot_base_position": [
      0,
      0
    ],
    "generation_timestamp": null
  },
  "generation_timestamp": "2025-07-14T16:21:29.575803"
}