{
  "env_type": "circles",
  "difficulty": "easy",
  "resolution": 0.05,
  "noise_level": 0.01,
  "workspace_bounds": [
    -1,
    11,
    -1,
    11
  ],
  "clustering_eps": 0.3,
  "min_samples": 5,
  "obstacle_type": "auto",
  "num_points": 413,
  "num_obstacles": 4,
  "seed": 377,
  "environment_details": {
    "environment_type": "circle_only",
    "config": {
      "num_obstacles": 4,
      "obstacle_size_range": [
        0.15,
        0.35
      ],
      "density_level": "sparse",
      "complexity_level": "simple",
      "spatial_distribution": "center",
      "workspace_utilization": 0.4,
      "min_distance_factor": 1.8
    },
    "num_obstacles": 4,
    "obstacles": [
      {
        "id": 0,
        "position": [
          4.588735103607178,
          4.06221866607666
        ],
        "radius": 0.18952013552188873,
        "type": "circle"
      },
      {
        "id": 1,
        "position": [
          4.307295322418213,
          3.639511823654175
        ],
        "radius": 0.39889129996299744,
        "type": "circle"
      },
      {
        "id": 2,
        "position": [
          6.259787559509277,
          4.8250508308410645
        ],
        "radius": 0.2339453101158142,
        "type": "circle"
      },
      {
        "id": 3,
        "position": [
          5.183566093444824,
          3.6956918239593506
        ],
        "radius": 0.28846386075019836,
        "type": "circle"
      }
    ],
    "workspace_bounds": [
      0,
      10,
      0,
      8
    ],
    "robot_base_position": [
      0,
      0
    ],
    "generation_timestamp": null
  },
  "generation_timestamp": "2025-07-14T16:18:13.195830"
}