{
  "env_type": "circles",
  "difficulty": "easy",
  "resolution": 0.05,
  "noise_level": 0.01,
  "workspace_bounds": [
    -1,
    11,
    -1,
    11
  ],
  "clustering_eps": 0.3,
  "min_samples": 5,
  "obstacle_type": "auto",
  "num_points": 507,
  "num_obstacles": 4,
  "seed": 5168,
  "environment_details": {
    "environment_type": "circle_only",
    "config": {
      "num_obstacles": 4,
      "obstacle_size_range": [
        0.25,
        0.45
      ],
      "density_level": "sparse",
      "complexity_level": "simple",
      "spatial_distribution": "center",
      "workspace_utilization": 0.4,
      "min_distance_factor": 1.8
    },
    "num_obstacles": 4,
    "obstacles": [
      {
        "id": 0,
        "position": [
          4.537485122680664,
          3.7359960079193115
        ],
        "radius": 0.296519011259079,
        "type": "circle"
      },
      {
        "id": 1,
        "position": [
          5.397913455963135,
          3.437948703765869
        ],
        "radius": 0.3461047410964966,
        "type": "circle"
      },
      {
        "id": 2,
        "position": [
          5.1583123207092285,
          4.050990104675293
        ],
        "radius": 0.3644065260887146,
        "type": "circle"
      },
      {
        "id": 3,
        "position": [
          6.147066116333008,
          3.4830472469329834
        ],
        "radius": 0.25889351963996887,
        "type": "circle"
      }
    ],
    "workspace_bounds": [
      0,
      10,
      0,
      8
    ],
    "robot_base_position": [
      0,
      0
    ],
    "generation_timestamp": null
  },
  "generation_timestamp": "2025-07-14T16:35:41.561951"
}