{
  "env_type": "circles",
  "difficulty": "easy",
  "resolution": 0.05,
  "noise_level": 0.01,
  "workspace_bounds": [
    -1,
    11,
    -1,
    11
  ],
  "clustering_eps": 0.3,
  "min_samples": 5,
  "obstacle_type": "auto",
  "num_points": 346,
  "num_obstacles": 4,
  "seed": 8411,
  "environment_details": {
    "environment_type": "circle_only",
    "config": {
      "num_obstacles": 4,
      "obstacle_size_range": [
        0.15,
        0.35
      ],
      "density_level": "sparse",
      "complexity_level": "simple",
      "spatial_distribution": "distributed",
      "workspace_utilization": 0.4,
      "min_distance_factor": 1.8
    },
    "num_obstacles": 4,
    "obstacles": [
      {
        "id": 0,
        "position": [
          3.8589320182800293,
          3.0908865928649902
        ],
        "radius": 0.2914835810661316,
        "type": "circle"
      },
      {
        "id": 1,
        "position": [
          3.4785728454589844,
          5.862422943115234
        ],
        "radius": 0.22520825266838074,
        "type": "circle"
      },
      {
        "id": 2,
        "position": [
          8.949426651000977,
          4.3295464515686035
        ],
        "radius": 0.2938556671142578,
        "type": "circle"
      },
      {
        "id": 3,
        "position": [
          9.26819896697998,
          3.5576975345611572
        ],
        "radius": 0.23763810098171234,
        "type": "circle"
      }
    ],
    "workspace_bounds": [
      0,
      10,
      0,
      8
    ],
    "robot_base_position": [
      0,
      0
    ],
    "generation_timestamp": null
  },
  "generation_timestamp": "2025-07-14T16:47:45.907383"
}