{
  "env_type": "circles",
  "difficulty": "easy",
  "resolution": 0.05,
  "noise_level": 0.01,
  "workspace_bounds": [
    -1,
    11,
    -1,
    11
  ],
  "clustering_eps": 0.3,
  "min_samples": 5,
  "obstacle_type": "auto",
  "num_points": 541,
  "num_obstacles": 4,
  "seed": 2581,
  "environment_details": {
    "environment_type": "circle_only",
    "config": {
      "num_obstacles": 4,
      "obstacle_size_range": [
        0.25,
        0.45
      ],
      "density_level": "sparse",
      "complexity_level": "simple",
      "spatial_distribution": "center",
      "workspace_utilization": 0.4,
      "min_distance_factor": 1.8
    },
    "num_obstacles": 4,
    "obstacles": [
      {
        "id": 0,
        "position": [
          5.747659683227539,
          4.672656536102295
        ],
        "radius": 0.28701353073120117,
        "type": "circle"
      },
      {
        "id": 1,
        "position": [
          5.117106914520264,
          4.508371829986572
        ],
        "radius": 0.3402252197265625,
        "type": "circle"
      },
      {
        "id": 2,
        "position": [
          5.563455581665039,
          3.779881000518799
        ],
        "radius": 0.25994494557380676,
        "type": "circle"
      },
      {
        "id": 3,
        "position": [
          6.1892290115356445,
          3.899941921234131
        ],
        "radius": 0.40822768211364746,
        "type": "circle"
      }
    ],
    "workspace_bounds": [
      0,
      10,
      0,
      8
    ],
    "robot_base_position": [
      0,
      0
    ],
    "generation_timestamp": null
  },
  "generation_timestamp": "2025-07-14T16:26:20.677618"
}