{
  "env_type": "circles",
  "difficulty": "easy",
  "resolution": 0.05,
  "noise_level": 0.01,
  "workspace_bounds": [
    -1,
    11,
    -1,
    11
  ],
  "clustering_eps": 0.3,
  "min_samples": 5,
  "obstacle_type": "auto",
  "num_points": 405,
  "num_obstacles": 4,
  "seed": 1414,
  "environment_details": {
    "environment_type": "circle_only",
    "config": {
      "num_obstacles": 4,
      "obstacle_size_range": [
        0.15,
        0.35
      ],
      "density_level": "sparse",
      "complexity_level": "simple",
      "spatial_distribution": "center",
      "workspace_utilization": 0.4,
      "min_distance_factor": 1.8
    },
    "num_obstacles": 4,
    "obstacles": [
      {
        "id": 0,
        "position": [
          5.758559703826904,
          3.165344476699829
        ],
        "radius": 0.26928555965423584,
        "type": "circle"
      },
      {
        "id": 1,
        "position": [
          4.474666595458984,
          4.099107265472412
        ],
        "radius": 0.24945101141929626,
        "type": "circle"
      },
      {
        "id": 2,
        "position": [
          5.92048454284668,
          4.448736190795898
        ],
        "radius": 0.33848291635513306,
        "type": "circle"
      },
      {
        "id": 3,
        "position": [
          4.804508209228516,
          4.750655174255371
        ],
        "radius": 0.26244354248046875,
        "type": "circle"
      }
    ],
    "workspace_bounds": [
      0,
      10,
      0,
      8
    ],
    "robot_base_position": [
      0,
      0
    ],
    "generation_timestamp": null
  },
  "generation_timestamp": "2025-07-14T16:22:01.694823"
}