{
  "env_type": "circles",
  "difficulty": "easy",
  "resolution": 0.05,
  "noise_level": 0.01,
  "workspace_bounds": [
    -1,
    11,
    -1,
    11
  ],
  "clustering_eps": 0.3,
  "min_samples": 5,
  "obstacle_type": "auto",
  "num_points": 629,
  "num_obstacles": 4,
  "seed": 8604,
  "environment_details": {
    "environment_type": "circle_only",
    "config": {
      "num_obstacles": 4,
      "obstacle_size_range": [
        0.25,
        0.45
      ],
      "density_level": "sparse",
      "complexity_level": "simple",
      "spatial_distribution": "distributed",
      "workspace_utilization": 0.4,
      "min_distance_factor": 1.8
    },
    "num_obstacles": 4,
    "obstacles": [
      {
        "id": 0,
        "position": [
          8.363150596618652,
          2.3265531063079834
        ],
        "radius": 0.33169040083885193,
        "type": "circle"
      },
      {
        "id": 1,
        "position": [
          4.095541000366211,
          4.933859348297119
        ],
        "radius": 0.3020169138908386,
        "type": "circle"
      },
      {
        "id": 2,
        "position": [
          6.449100017547607,
          0.7578660845756531
        ],
        "radius": 0.42650654911994934,
        "type": "circle"
      },
      {
        "id": 3,
        "position": [
          7.701157569885254,
          1.1348040103912354
        ],
        "radius": 0.3438757359981537,
        "type": "circle"
      }
    ],
    "workspace_bounds": [
      0,
      10,
      0,
      8
    ],
    "robot_base_position": [
      0,
      0
    ],
    "generation_timestamp": null
  },
  "generation_timestamp": "2025-07-14T16:48:26.804287"
}