{
  "env_type": "circles",
  "difficulty": "easy",
  "resolution": 0.05,
  "noise_level": 0.01,
  "workspace_bounds": [
    -1,
    11,
    -1,
    11
  ],
  "clustering_eps": 0.3,
  "min_samples": 5,
  "obstacle_type": "auto",
  "num_points": 347,
  "num_obstacles": 4,
  "seed": 4082,
  "environment_details": {
    "environment_type": "circle_only",
    "config": {
      "num_obstacles": 4,
      "obstacle_size_range": [
        0.15,
        0.35
      ],
      "density_level": "sparse",
      "complexity_level": "simple",
      "spatial_distribution": "distributed",
      "workspace_utilization": 0.4,
      "min_distance_factor": 1.8
    },
    "num_obstacles": 4,
    "obstacles": [
      {
        "id": 0,
        "position": [
          7.749976634979248,
          7.374000072479248
        ],
        "radius": 0.19498181343078613,
        "type": "circle"
      },
      {
        "id": 1,
        "position": [
          7.6840925216674805,
          3.9745118618011475
        ],
        "radius": 0.18529602885246277,
        "type": "circle"
      },
      {
        "id": 2,
        "position": [
          2.9362423419952393,
          5.284116268157959
        ],
        "radius": 0.2672213912010193,
        "type": "circle"
      },
      {
        "id": 3,
        "position": [
          8.62511920928955,
          3.3383939266204834
        ],
        "radius": 0.36456191539764404,
        "type": "circle"
      }
    ],
    "workspace_bounds": [
      0,
      10,
      0,
      8
    ],
    "robot_base_position": [
      0,
      0
    ],
    "generation_timestamp": null
  },
  "generation_timestamp": "2025-07-14T16:31:46.782088"
}