{
  "env_type": "circles",
  "difficulty": "easy",
  "resolution": 0.05,
  "noise_level": 0.01,
  "workspace_bounds": [
    -1,
    11,
    -1,
    11
  ],
  "clustering_eps": 0.3,
  "min_samples": 5,
  "obstacle_type": "auto",
  "num_points": 694,
  "num_obstacles": 4,
  "seed": 8012,
  "environment_details": {
    "environment_type": "circle_only",
    "config": {
      "num_obstacles": 4,
      "obstacle_size_range": [
        0.25,
        0.45
      ],
      "density_level": "sparse",
      "complexity_level": "simple",
      "spatial_distribution": "center",
      "workspace_utilization": 0.4,
      "min_distance_factor": 1.8
    },
    "num_obstacles": 4,
    "obstacles": [
      {
        "id": 0,
        "position": [
          6.04564094543457,
          4.085665702819824
        ],
        "radius": 0.20864975452423096,
        "type": "circle"
      },
      {
        "id": 1,
        "position": [
          4.232010364532471,
          4.0939764976501465
        ],
        "radius": 0.3686020076274872,
        "type": "circle"
      },
      {
        "id": 2,
        "position": [
          5.720906734466553,
          3.511329412460327
        ],
        "radius": 0.45042330026626587,
        "type": "circle"
      },
      {
        "id": 3,
        "position": [
          5.434913158416748,
          4.2942118644714355
        ],
        "radius": 0.4148036241531372,
        "type": "circle"
      }
    ],
    "workspace_bounds": [
      0,
      10,
      0,
      8
    ],
    "robot_base_position": [
      0,
      0
    ],
    "generation_timestamp": null
  },
  "generation_timestamp": "2025-07-14T16:46:14.439057"
}