{
  "env_type": "circles",
  "difficulty": "easy",
  "resolution": 0.05,
  "noise_level": 0.01,
  "workspace_bounds": [
    -1,
    11,
    -1,
    11
  ],
  "clustering_eps": 0.3,
  "min_samples": 5,
  "obstacle_type": "auto",
  "num_points": 673,
  "num_obstacles": 4,
  "seed": 5022,
  "environment_details": {
    "environment_type": "circle_only",
    "config": {
      "num_obstacles": 4,
      "obstacle_size_range": [
        0.25,
        0.45
      ],
      "density_level": "sparse",
      "complexity_level": "simple",
      "spatial_distribution": "center",
      "workspace_utilization": 0.4,
      "min_distance_factor": 1.8
    },
    "num_obstacles": 4,
    "obstacles": [
      {
        "id": 0,
        "position": [
          4.703461170196533,
          4.260330677032471
        ],
        "radius": 0.26569297909736633,
        "type": "circle"
      },
      {
        "id": 1,
        "position": [
          5.60213565826416,
          4.469579696655273
        ],
        "radius": 0.24487167596817017,
        "type": "circle"
      },
      {
        "id": 2,
        "position": [
          4.593657493591309,
          3.4713735580444336
        ],
        "radius": 0.5672242045402527,
        "type": "circle"
      },
      {
        "id": 3,
        "position": [
          5.816960334777832,
          3.4009504318237305
        ],
        "radius": 0.2857513129711151,
        "type": "circle"
      }
    ],
    "workspace_bounds": [
      0,
      10,
      0,
      8
    ],
    "robot_base_position": [
      0,
      0
    ],
    "generation_timestamp": null
  },
  "generation_timestamp": "2025-07-14T16:35:11.426694"
}