{
  "env_type": "circles",
  "difficulty": "random",
  "resolution": 0.05,
  "noise_level": 0.01,
  "workspace_bounds": [
    -1,
    11,
    -1,
    11
  ],
  "clustering_eps": 0.3,
  "min_samples": 5,
  "obstacle_type": "auto",
  "num_points": 6437,
  "num_obstacles": 4,
  "seed": 9986,
  "environment_details": {
    "environment_type": "circle_only",
    "config": {
      "num_obstacles": 4,
      "obstacle_size_range": [
        0.9,
        1.3
      ],
      "density_level": "dense",
      "complexity_level": "medium",
      "spatial_distribution": "clusters",
      "workspace_utilization": 0.273968030610392,
      "min_distance_factor": 0.3819895051752525
    },
    "num_obstacles": 4,
    "obstacles": [
      {
        "id": 0,
        "position": [
          5.793289661407471,
          1.5663566589355469
        ],
        "radius": 1.204434871673584,
        "type": "circle"
      },
      {
        "id": 1,
        "position": [
          6.054281711578369,
          3.7564516067504883
        ],
        "radius": 0.9378116726875305,
        "type": "circle"
      },
      {
        "id": 2,
        "position": [
          1.8163238763809204,
          4.392727851867676
        ],
        "radius": 1.4415185451507568,
        "type": "circle"
      },
      {
        "id": 3,
        "position": [
          9.043302536010742,
          6.2060441970825195
        ],
        "radius": 0.8483743071556091,
        "type": "circle"
      }
    ],
    "workspace_bounds": [
      0,
      10,
      0,
      8
    ],
    "robot_base_position": [
      0,
      0
    ],
    "generation_timestamp": null
  },
  "generation_timestamp": "2025-07-14T16:53:18.167999"
}