{
  "env_type": "circles",
  "difficulty": "easy",
  "resolution": 0.05,
  "noise_level": 0.01,
  "workspace_bounds": [
    -1,
    11,
    -1,
    11
  ],
  "clustering_eps": 0.3,
  "min_samples": 5,
  "obstacle_type": "auto",
  "num_points": 370,
  "num_obstacles": 4,
  "seed": 7287,
  "environment_details": {
    "environment_type": "circle_only",
    "config": {
      "num_obstacles": 4,
      "obstacle_size_range": [
        0.15,
        0.35
      ],
      "density_level": "sparse",
      "complexity_level": "simple",
      "spatial_distribution": "center",
      "workspace_utilization": 0.4,
      "min_distance_factor": 1.8
    },
    "num_obstacles": 4,
    "obstacles": [
      {
        "id": 0,
        "position": [
          5.733888149261475,
          3.503664016723633
        ],
        "radius": 0.13380692899227142,
        "type": "circle"
      },
      {
        "id": 1,
        "position": [
          5.343708038330078,
          4.641158580780029
        ],
        "radius": 0.17184798419475555,
        "type": "circle"
      },
      {
        "id": 2,
        "position": [
          6.099268436431885,
          4.659477233886719
        ],
        "radius": 0.32790687680244446,
        "type": "circle"
      },
      {
        "id": 3,
        "position": [
          4.941070556640625,
          3.4951508045196533
        ],
        "radius": 0.3638401925563812,
        "type": "circle"
      }
    ],
    "workspace_bounds": [
      0,
      10,
      0,
      8
    ],
    "robot_base_position": [
      0,
      0
    ],
    "generation_timestamp": null
  },
  "generation_timestamp": "2025-07-14T16:43:30.529261"
}