{
  "env_type": "circles",
  "difficulty": "easy",
  "resolution": 0.05,
  "noise_level": 0.01,
  "workspace_bounds": [
    -1,
    11,
    -1,
    11
  ],
  "clustering_eps": 0.3,
  "min_samples": 5,
  "obstacle_type": "auto",
  "num_points": 305,
  "num_obstacles": 4,
  "seed": 6898,
  "environment_details": {
    "environment_type": "circle_only",
    "config": {
      "num_obstacles": 4,
      "obstacle_size_range": [
        0.15,
        0.35
      ],
      "density_level": "sparse",
      "complexity_level": "simple",
      "spatial_distribution": "center",
      "workspace_utilization": 0.4,
      "min_distance_factor": 1.8
    },
    "num_obstacles": 4,
    "obstacles": [
      {
        "id": 0,
        "position": [
          5.944786071777344,
          3.8827641010284424
        ],
        "radius": 0.1921548992395401,
        "type": "circle"
      },
      {
        "id": 1,
        "position": [
          4.4076714515686035,
          3.4211537837982178
        ],
        "radius": 0.33468499779701233,
        "type": "circle"
      },
      {
        "id": 2,
        "position": [
          4.558241367340088,
          4.342031002044678
        ],
        "radius": 0.2551174759864807,
        "type": "circle"
      },
      {
        "id": 3,
        "position": [
          5.471373081207275,
          3.7371394634246826
        ],
        "radius": 0.1736866980791092,
        "type": "circle"
      }
    ],
    "workspace_bounds": [
      0,
      10,
      0,
      8
    ],
    "robot_base_position": [
      0,
      0
    ],
    "generation_timestamp": null
  },
  "generation_timestamp": "2025-07-14T16:42:05.637674"
}