{
  "env_type": "circles",
  "difficulty": "random",
  "resolution": 0.05,
  "noise_level": 0.01,
  "workspace_bounds": [
    -1,
    11,
    -1,
    11
  ],
  "clustering_eps": 0.3,
  "min_samples": 5,
  "obstacle_type": "auto",
  "num_points": 337,
  "num_obstacles": 4,
  "seed": 6531,
  "environment_details": {
    "environment_type": "circle_only",
    "config": {
      "num_obstacles": 4,
      "obstacle_size_range": [
        0.1,
        0.5
      ],
      "density_level": "medium",
      "complexity_level": "medium",
      "spatial_distribution": "clusters",
      "workspace_utilization": 0.42102691435705,
      "min_distance_factor": 1.124060104929974
    },
    "num_obstacles": 4,
    "obstacles": [
      {
        "id": 0,
        "position": [
          6.348209381103516,
          6.1117658615112305
        ],
        "radius": 0.19638995826244354,
        "type": "circle"
      },
      {
        "id": 1,
        "position": [
          7.184311389923096,
          5.480292320251465
        ],
        "radius": 0.390133798122406,
        "type": "circle"
      },
      {
        "id": 2,
        "position": [
          3.1027896404266357,
          2.266392946243286
        ],
        "radius": 0.12978407740592957,
        "type": "circle"
      },
      {
        "id": 3,
        "position": [
          2.2510082721710205,
          1.18233060836792
        ],
        "radius": 0.23954270780086517,
        "type": "circle"
      }
    ],
    "workspace_bounds": [
      0,
      10,
      0,
      8
    ],
    "robot_base_position": [
      0,
      0
    ],
    "generation_timestamp": null
  },
  "generation_timestamp": "2025-07-14T16:40:49.237825"
}