{
  "env_type": "circles",
  "difficulty": "random",
  "resolution": 0.05,
  "noise_level": 0.01,
  "workspace_bounds": [
    -1,
    11,
    -1,
    11
  ],
  "clustering_eps": 0.3,
  "min_samples": 5,
  "obstacle_type": "auto",
  "num_points": 2162,
  "num_obstacles": 4,
  "seed": 2705,
  "environment_details": {
    "environment_type": "circle_only",
    "config": {
      "num_obstacles": 4,
      "obstacle_size_range": [
        0.5,
        0.8
      ],
      "density_level": "medium",
      "complexity_level": "complex",
      "spatial_distribution": "distributed",
      "workspace_utilization": 0.2704572408891576,
      "min_distance_factor": 1.209558490617301
    },
    "num_obstacles": 4,
    "obstacles": [
      {
        "id": 0,
        "position": [
          8.355779647827148,
          0.5209572911262512
        ],
        "radius": 0.6334441900253296,
        "type": "circle"
      },
      {
        "id": 1,
        "position": [
          8.62656307220459,
          6.133219242095947
        ],
        "radius": 0.23426762223243713,
        "type": "circle"
      },
      {
        "id": 2,
        "position": [
          8.676239967346191,
          7.075284004211426
        ],
        "radius": 0.8074830770492554,
        "type": "circle"
      },
      {
        "id": 3,
        "position": [
          4.4054975509643555,
          2.8947460651397705
        ],
        "radius": 0.7871453762054443,
        "type": "circle"
      }
    ],
    "workspace_bounds": [
      0,
      10,
      0,
      8
    ],
    "robot_base_position": [
      0,
      0
    ],
    "generation_timestamp": null
  },
  "generation_timestamp": "2025-07-14T16:26:46.502764"
}