{
  "env_type": "circles",
  "difficulty": "random",
  "resolution": 0.05,
  "noise_level": 0.01,
  "workspace_bounds": [
    -1,
    11,
    -1,
    11
  ],
  "clustering_eps": 0.3,
  "min_samples": 5,
  "obstacle_type": "auto",
  "num_points": 1706,
  "num_obstacles": 4,
  "seed": 9261,
  "environment_details": {
    "environment_type": "circle_only",
    "config": {
      "num_obstacles": 4,
      "obstacle_size_range": [
        0.2,
        0.8
      ],
      "density_level": "dense",
      "complexity_level": "complex",
      "spatial_distribution": "distributed",
      "workspace_utilization": 0.317592145147814,
      "min_distance_factor": 0.8215386901194701
    },
    "num_obstacles": 4,
    "obstacles": [
      {
        "id": 0,
        "position": [
          2.4734222888946533,
          4.007488250732422
        ],
        "radius": 0.7716182470321655,
        "type": "circle"
      },
      {
        "id": 1,
        "position": [
          4.533728122711182,
          0.8620815277099609
        ],
        "radius": 0.7956414818763733,
        "type": "circle"
      },
      {
        "id": 2,
        "position": [
          1.6267082691192627,
          1.1702280044555664
        ],
        "radius": 0.15176722407341003,
        "type": "circle"
      },
      {
        "id": 3,
        "position": [
          5.924300670623779,
          2.2681524753570557
        ],
        "radius": 0.3229379951953888,
        "type": "circle"
      }
    ],
    "workspace_bounds": [
      0,
      10,
      0,
      8
    ],
    "robot_base_position": [
      0,
      0
    ],
    "generation_timestamp": null
  },
  "generation_timestamp": "2025-07-14T16:50:50.891563"
}