{
  "env_type": "circles",
  "difficulty": "random",
  "resolution": 0.05,
  "noise_level": 0.01,
  "workspace_bounds": [
    -1,
    11,
    -1,
    11
  ],
  "clustering_eps": 0.3,
  "min_samples": 5,
  "obstacle_type": "auto",
  "num_points": 3748,
  "num_obstacles": 4,
  "seed": 9411,
  "environment_details": {
    "environment_type": "circle_only",
    "config": {
      "num_obstacles": 4,
      "obstacle_size_range": [
        0.7,
        1.0
      ],
      "density_level": "sparse",
      "complexity_level": "medium",
      "spatial_distribution": "edge",
      "workspace_utilization": 0.36881840337662286,
      "min_distance_factor": 1.8677941417894122
    },
    "num_obstacles": 4,
    "obstacles": [
      {
        "id": 0,
        "position": [
          1.1361379623413086,
          6.376467227935791
        ],
        "radius": 0.45499366521835327,
        "type": "circle"
      },
      {
        "id": 1,
        "position": [
          1.2663699388504028,
          3.0284407138824463
        ],
        "radius": 1.2023180723190308,
        "type": "circle"
      },
      {
        "id": 2,
        "position": [
          6.095661163330078,
          6.019356727600098
        ],
        "radius": 0.6165398359298706,
        "type": "circle"
      },
      {
        "id": 3,
        "position": [
          2.63490629196167,
          1.9637852907180786
        ],
        "radius": 1.0581156015396118,
        "type": "circle"
      }
    ],
    "workspace_bounds": [
      0,
      10,
      0,
      8
    ],
    "robot_base_position": [
      0,
      0
    ],
    "generation_timestamp": null
  },
  "generation_timestamp": "2025-07-14T16:51:21.291353"
}