{
  "env_type": "circles",
  "difficulty": "easy",
  "resolution": 0.05,
  "noise_level": 0.01,
  "workspace_bounds": [
    -1,
    11,
    -1,
    11
  ],
  "clustering_eps": 0.3,
  "min_samples": 5,
  "obstacle_type": "auto",
  "num_points": 361,
  "num_obstacles": 4,
  "seed": 1588,
  "environment_details": {
    "environment_type": "circle_only",
    "config": {
      "num_obstacles": 4,
      "obstacle_size_range": [
        0.15,
        0.35
      ],
      "density_level": "sparse",
      "complexity_level": "simple",
      "spatial_distribution": "center",
      "workspace_utilization": 0.4,
      "min_distance_factor": 1.8
    },
    "num_obstacles": 4,
    "obstacles": [
      {
        "id": 0,
        "position": [
          5.714751720428467,
          4.258285045623779
        ],
        "radius": 0.3161550462245941,
        "type": "circle"
      },
      {
        "id": 1,
        "position": [
          4.956871032714844,
          3.2000129222869873
        ],
        "radius": 0.22365500032901764,
        "type": "circle"
      },
      {
        "id": 2,
        "position": [
          4.7346272468566895,
          3.730025291442871
        ],
        "radius": 0.17031338810920715,
        "type": "circle"
      },
      {
        "id": 3,
        "position": [
          5.646939754486084,
          3.1826751232147217
        ],
        "radius": 0.3303874433040619,
        "type": "circle"
      }
    ],
    "workspace_bounds": [
      0,
      10,
      0,
      8
    ],
    "robot_base_position": [
      0,
      0
    ],
    "generation_timestamp": null
  },
  "generation_timestamp": "2025-07-14T16:22:38.420446"
}