{
  "env_type": "circles",
  "difficulty": "random",
  "resolution": 0.05,
  "noise_level": 0.01,
  "workspace_bounds": [
    -1,
    11,
    -1,
    11
  ],
  "clustering_eps": 0.3,
  "min_samples": 5,
  "obstacle_type": "auto",
  "num_points": 5900,
  "num_obstacles": 4,
  "seed": 4241,
  "environment_details": {
    "environment_type": "circle_only",
    "config": {
      "num_obstacles": 4,
      "obstacle_size_range": [
        0.9,
        1.3
      ],
      "density_level": "sparse",
      "complexity_level": "medium",
      "spatial_distribution": "distributed",
      "workspace_utilization": 0.43562658953112554,
      "min_distance_factor": 1.8236157571605192
    },
    "num_obstacles": 4,
    "obstacles": [
      {
        "id": 0,
        "position": [
          4.909945487976074,
          3.0093252658843994
        ],
        "radius": 1.055395245552063,
        "type": "circle"
      },
      {
        "id": 1,
        "position": [
          7.316908359527588,
          6.207121849060059
        ],
        "radius": 0.5134554505348206,
        "type": "circle"
      },
      {
        "id": 2,
        "position": [
          7.6087775230407715,
          3.1625349521636963
        ],
        "radius": 1.3953660726547241,
        "type": "circle"
      },
      {
        "id": 3,
        "position": [
          4.219313144683838,
          5.694305419921875
        ],
        "radius": 1.1716171503067017,
        "type": "circle"
      }
    ],
    "workspace_bounds": [
      0,
      10,
      0,
      8
    ],
    "robot_base_position": [
      0,
      0
    ],
    "generation_timestamp": null
  },
  "generation_timestamp": "2025-07-14T16:32:21.500365"
}