{
  "env_type": "circles",
  "difficulty": "easy",
  "resolution": 0.05,
  "noise_level": 0.01,
  "workspace_bounds": [
    -1,
    11,
    -1,
    11
  ],
  "clustering_eps": 0.3,
  "min_samples": 5,
  "obstacle_type": "auto",
  "num_points": 466,
  "num_obstacles": 4,
  "seed": 2750,
  "environment_details": {
    "environment_type": "circle_only",
    "config": {
      "num_obstacles": 4,
      "obstacle_size_range": [
        0.25,
        0.45
      ],
      "density_level": "sparse",
      "complexity_level": "simple",
      "spatial_distribution": "center",
      "workspace_utilization": 0.4,
      "min_distance_factor": 1.8
    },
    "num_obstacles": 4,
    "obstacles": [
      {
        "id": 0,
        "position": [
          5.4897356033325195,
          3.9259142875671387
        ],
        "radius": 0.28574827313423157,
        "type": "circle"
      },
      {
        "id": 1,
        "position": [
          4.251591682434082,
          4.0500030517578125
        ],
        "radius": 0.35120290517807007,
        "type": "circle"
      },
      {
        "id": 2,
        "position": [
          4.829567909240723,
          4.685125350952148
        ],
        "radius": 0.26068994402885437,
        "type": "circle"
      },
      {
        "id": 3,
        "position": [
          5.776398658752441,
          3.3072493076324463
        ],
        "radius": 0.32370904088020325,
        "type": "circle"
      }
    ],
    "workspace_bounds": [
      0,
      10,
      0,
      8
    ],
    "robot_base_position": [
      0,
      0
    ],
    "generation_timestamp": null
  },
  "generation_timestamp": "2025-07-14T16:26:55.874020"
}