{
  "env_type": "circles",
  "difficulty": "easy",
  "resolution": 0.05,
  "noise_level": 0.01,
  "workspace_bounds": [
    -1,
    11,
    -1,
    11
  ],
  "clustering_eps": 0.3,
  "min_samples": 5,
  "obstacle_type": "auto",
  "num_points": 456,
  "num_obstacles": 4,
  "seed": 7913,
  "environment_details": {
    "environment_type": "circle_only",
    "config": {
      "num_obstacles": 4,
      "obstacle_size_range": [
        0.15,
        0.35
      ],
      "density_level": "sparse",
      "complexity_level": "simple",
      "spatial_distribution": "distributed",
      "workspace_utilization": 0.4,
      "min_distance_factor": 1.8
    },
    "num_obstacles": 4,
    "obstacles": [
      {
        "id": 0,
        "position": [
          7.917582988739014,
          4.279001235961914
        ],
        "radius": 0.3500436544418335,
        "type": "circle"
      },
      {
        "id": 1,
        "position": [
          4.429401874542236,
          0.5748231410980225
        ],
        "radius": 0.4382692277431488,
        "type": "circle"
      },
      {
        "id": 2,
        "position": [
          6.156881332397461,
          2.5386455059051514
        ],
        "radius": 0.12332689762115479,
        "type": "circle"
      },
      {
        "id": 3,
        "position": [
          2.5886917114257812,
          6.283915042877197
        ],
        "radius": 0.17221450805664062,
        "type": "circle"
      }
    ],
    "workspace_bounds": [
      0,
      10,
      0,
      8
    ],
    "robot_base_position": [
      0,
      0
    ],
    "generation_timestamp": null
  },
  "generation_timestamp": "2025-07-14T16:45:51.137107"
}