{
  "env_type": "circles",
  "difficulty": "random",
  "resolution": 0.05,
  "noise_level": 0.01,
  "workspace_bounds": [
    -1,
    11,
    -1,
    11
  ],
  "clustering_eps": 0.3,
  "min_samples": 5,
  "obstacle_type": "auto",
  "num_points": 5255,
  "num_obstacles": 4,
  "seed": 9463,
  "environment_details": {
    "environment_type": "circle_only",
    "config": {
      "num_obstacles": 4,
      "obstacle_size_range": [
        0.9,
        1.3
      ],
      "density_level": "sparse",
      "complexity_level": "simple",
      "spatial_distribution": "edge",
      "workspace_utilization": 0.2808600666513209,
      "min_distance_factor": 2.2098889635204677
    },
    "num_obstacles": 4,
    "obstacles": [
      {
        "id": 0,
        "position": [
          8.85132122039795,
          5.0931220054626465
        ],
        "radius": 1.1003164052963257,
        "type": "circle"
      },
      {
        "id": 1,
        "position": [
          8.72504711151123,
          1.5929367542266846
        ],
        "radius": 0.9037773609161377,
        "type": "circle"
      },
      {
        "id": 2,
        "position": [
          3.3790225982666016,
          2.404684066772461
        ],
        "radius": 1.2261033058166504,
        "type": "circle"
      },
      {
        "id": 3,
        "position": [
          1.6389738321304321,
          0.6234156489372253
        ],
        "radius": 0.8080099821090698,
        "type": "circle"
      }
    ],
    "workspace_bounds": [
      0,
      10,
      0,
      8
    ],
    "robot_base_position": [
      0,
      0
    ],
    "generation_timestamp": null
  },
  "generation_timestamp": "2025-07-14T16:51:31.145135"
}