{
  "env_type": "circles",
  "difficulty": "easy",
  "resolution": 0.05,
  "noise_level": 0.01,
  "workspace_bounds": [
    -1,
    11,
    -1,
    11
  ],
  "clustering_eps": 0.3,
  "min_samples": 5,
  "obstacle_type": "auto",
  "num_points": 846,
  "num_obstacles": 4,
  "seed": 7110,
  "environment_details": {
    "environment_type": "circle_only",
    "config": {
      "num_obstacles": 4,
      "obstacle_size_range": [
        0.25,
        0.45
      ],
      "density_level": "sparse",
      "complexity_level": "simple",
      "spatial_distribution": "center",
      "workspace_utilization": 0.4,
      "min_distance_factor": 1.8
    },
    "num_obstacles": 4,
    "obstacles": [
      {
        "id": 0,
        "position": [
          4.895995616912842,
          4.542232990264893
        ],
        "radius": 0.4849179685115814,
        "type": "circle"
      },
      {
        "id": 1,
        "position": [
          5.599928379058838,
          4.774900436401367
        ],
        "radius": 0.5055531859397888,
        "type": "circle"
      },
      {
        "id": 2,
        "position": [
          5.0932183265686035,
          3.7150352001190186
        ],
        "radius": 0.3559778034687042,
        "type": "circle"
      },
      {
        "id": 3,
        "position": [
          5.669119834899902,
          3.3855433464050293
        ],
        "radius": 0.30885612964630127,
        "type": "circle"
      }
    ],
    "workspace_bounds": [
      0,
      10,
      0,
      8
    ],
    "robot_base_position": [
      0,
      0
    ],
    "generation_timestamp": null
  },
  "generation_timestamp": "2025-07-14T16:42:52.098359"
}