{
  "env_type": "circles",
  "difficulty": "easy",
  "resolution": 0.05,
  "noise_level": 0.01,
  "workspace_bounds": [
    -1,
    11,
    -1,
    11
  ],
  "clustering_eps": 0.3,
  "min_samples": 5,
  "obstacle_type": "auto",
  "num_points": 342,
  "num_obstacles": 4,
  "seed": 4814,
  "environment_details": {
    "environment_type": "circle_only",
    "config": {
      "num_obstacles": 4,
      "obstacle_size_range": [
        0.25,
        0.45
      ],
      "density_level": "sparse",
      "complexity_level": "simple",
      "spatial_distribution": "center",
      "workspace_utilization": 0.4,
      "min_distance_factor": 1.8
    },
    "num_obstacles": 4,
    "obstacles": [
      {
        "id": 0,
        "position": [
          4.607429504394531,
          4.441268444061279
        ],
        "radius": 0.28681448101997375,
        "type": "circle"
      },
      {
        "id": 1,
        "position": [
          4.85788631439209,
          3.751969337463379
        ],
        "radius": 0.21769186854362488,
        "type": "circle"
      },
      {
        "id": 2,
        "position": [
          5.648832321166992,
          4.145788192749023
        ],
        "radius": 0.2876138985157013,
        "type": "circle"
      },
      {
        "id": 3,
        "position": [
          6.175076484680176,
          3.3836052417755127
        ],
        "radius": 0.24431639909744263,
        "type": "circle"
      }
    ],
    "workspace_bounds": [
      0,
      10,
      0,
      8
    ],
    "robot_base_position": [
      0,
      0
    ],
    "generation_timestamp": null
  },
  "generation_timestamp": "2025-07-14T16:34:25.791740"
}