{
  "env_type": "circles",
  "difficulty": "easy",
  "resolution": 0.05,
  "noise_level": 0.01,
  "workspace_bounds": [
    -1,
    11,
    -1,
    11
  ],
  "clustering_eps": 0.3,
  "min_samples": 5,
  "obstacle_type": "auto",
  "num_points": 695,
  "num_obstacles": 4,
  "seed": 1391,
  "environment_details": {
    "environment_type": "circle_only",
    "config": {
      "num_obstacles": 4,
      "obstacle_size_range": [
        0.25,
        0.45
      ],
      "density_level": "sparse",
      "complexity_level": "simple",
      "spatial_distribution": "center",
      "workspace_utilization": 0.4,
      "min_distance_factor": 1.8
    },
    "num_obstacles": 4,
    "obstacles": [
      {
        "id": 0,
        "position": [
          4.703592777252197,
          4.786678314208984
        ],
        "radius": 0.30228036642074585,
        "type": "circle"
      },
      {
        "id": 1,
        "position": [
          4.82111120223999,
          3.5419042110443115
        ],
        "radius": 0.4618193805217743,
        "type": "circle"
      },
      {
        "id": 2,
        "position": [
          6.0944437980651855,
          4.474164962768555
        ],
        "radius": 0.3511370122432709,
        "type": "circle"
      },
      {
        "id": 3,
        "position": [
          5.6074700355529785,
          3.585716485977173
        ],
        "radius": 0.3590288460254669,
        "type": "circle"
      }
    ],
    "workspace_bounds": [
      0,
      10,
      0,
      8
    ],
    "robot_base_position": [
      0,
      0
    ],
    "generation_timestamp": null
  },
  "generation_timestamp": "2025-07-14T16:21:55.876293"
}