{
  "env_type": "circles",
  "difficulty": "random",
  "resolution": 0.05,
  "noise_level": 0.01,
  "workspace_bounds": [
    -1,
    11,
    -1,
    11
  ],
  "clustering_eps": 0.3,
  "min_samples": 5,
  "obstacle_type": "auto",
  "num_points": 5111,
  "num_obstacles": 4,
  "seed": 717,
  "environment_details": {
    "environment_type": "circle_only",
    "config": {
      "num_obstacles": 4,
      "obstacle_size_range": [
        0.4,
        1.2
      ],
      "density_level": "sparse",
      "complexity_level": "medium",
      "spatial_distribution": "distributed",
      "workspace_utilization": 0.2726030952000517,
      "min_distance_factor": 2.057517763883724
    },
    "num_obstacles": 4,
    "obstacles": [
      {
        "id": 0,
        "position": [
          3.97340989112854,
          4.6433844566345215
        ],
        "radius": 0.9217987060546875,
        "type": "circle"
      },
      {
        "id": 1,
        "position": [
          6.446747779846191,
          5.810669898986816
        ],
        "radius": 0.7663678526878357,
        "type": "circle"
      },
      {
        "id": 2,
        "position": [
          4.641755104064941,
          0.6684528589248657
        ],
        "radius": 1.2757689952850342,
        "type": "circle"
      },
      {
        "id": 3,
        "position": [
          8.924604415893555,
          5.204822063446045
        ],
        "radius": 1.0039942264556885,
        "type": "circle"
      }
    ],
    "workspace_bounds": [
      0,
      10,
      0,
      8
    ],
    "robot_base_position": [
      0,
      0
    ],
    "generation_timestamp": null
  },
  "generation_timestamp": "2025-07-14T16:19:27.306065"
}