{
  "env_type": "circles",
  "difficulty": "easy",
  "resolution": 0.05,
  "noise_level": 0.01,
  "workspace_bounds": [
    -1,
    11,
    -1,
    11
  ],
  "clustering_eps": 0.3,
  "min_samples": 5,
  "obstacle_type": "auto",
  "num_points": 601,
  "num_obstacles": 4,
  "seed": 6193,
  "environment_details": {
    "environment_type": "circle_only",
    "config": {
      "num_obstacles": 4,
      "obstacle_size_range": [
        0.25,
        0.45
      ],
      "density_level": "sparse",
      "complexity_level": "simple",
      "spatial_distribution": "center",
      "workspace_utilization": 0.4,
      "min_distance_factor": 1.8
    },
    "num_obstacles": 4,
    "obstacles": [
      {
        "id": 0,
        "position": [
          5.6511616706848145,
          4.813978672027588
        ],
        "radius": 0.3689354360103607,
        "type": "circle"
      },
      {
        "id": 1,
        "position": [
          4.5428996086120605,
          4.333747386932373
        ],
        "radius": 0.37299731373786926,
        "type": "circle"
      },
      {
        "id": 2,
        "position": [
          4.273257255554199,
          3.330282211303711
        ],
        "radius": 0.33531859517097473,
        "type": "circle"
      },
      {
        "id": 3,
        "position": [
          6.235561847686768,
          3.915187120437622
        ],
        "radius": 0.2905794680118561,
        "type": "circle"
      }
    ],
    "workspace_bounds": [
      0,
      10,
      0,
      8
    ],
    "robot_base_position": [
      0,
      0
    ],
    "generation_timestamp": null
  },
  "generation_timestamp": "2025-07-14T16:39:34.665547"
}