{
  "env_type": "circles",
  "difficulty": "random",
  "resolution": 0.05,
  "noise_level": 0.01,
  "workspace_bounds": [
    -1,
    11,
    -1,
    11
  ],
  "clustering_eps": 0.3,
  "min_samples": 5,
  "obstacle_type": "auto",
  "num_points": 6536,
  "num_obstacles": 4,
  "seed": 359,
  "environment_details": {
    "environment_type": "circle_only",
    "config": {
      "num_obstacles": 4,
      "obstacle_size_range": [
        0.9,
        1.3
      ],
      "density_level": "dense",
      "complexity_level": "medium",
      "spatial_distribution": "line",
      "workspace_utilization": 0.3190803500282705,
      "min_distance_factor": 0.5504450833733051
    },
    "num_obstacles": 4,
    "obstacles": [
      {
        "id": 0,
        "position": [
          1.1948206424713135,
          1.1368385553359985
        ],
        "radius": 0.8074386715888977,
        "type": "circle"
      },
      {
        "id": 1,
        "position": [
          7.889902591705322,
          6.685108661651611
        ],
        "radius": 1.3827199935913086,
        "type": "circle"
      },
      {
        "id": 2,
        "position": [
          1.2825500965118408,
          6.016522407531738
        ],
        "radius": 1.0252249240875244,
        "type": "circle"
      },
      {
        "id": 3,
        "position": [
          8.38637924194336,
          0.9291244745254517
        ],
        "radius": 1.2601014375686646,
        "type": "circle"
      }
    ],
    "workspace_bounds": [
      0,
      10,
      0,
      8
    ],
    "robot_base_position": [
      0,
      0
    ],
    "generation_timestamp": null
  },
  "generation_timestamp": "2025-07-14T16:18:09.172132"
}