{
  "env_type": "circles",
  "difficulty": "easy",
  "resolution": 0.05,
  "noise_level": 0.01,
  "workspace_bounds": [
    -1,
    11,
    -1,
    11
  ],
  "clustering_eps": 0.3,
  "min_samples": 5,
  "obstacle_type": "auto",
  "num_points": 274,
  "num_obstacles": 4,
  "seed": 8819,
  "environment_details": {
    "environment_type": "circle_only",
    "config": {
      "num_obstacles": 4,
      "obstacle_size_range": [
        0.15,
        0.35
      ],
      "density_level": "sparse",
      "complexity_level": "simple",
      "spatial_distribution": "center",
      "workspace_utilization": 0.4,
      "min_distance_factor": 1.8
    },
    "num_obstacles": 4,
    "obstacles": [
      {
        "id": 0,
        "position": [
          5.301377296447754,
          4.0087738037109375
        ],
        "radius": 0.2396625280380249,
        "type": "circle"
      },
      {
        "id": 1,
        "position": [
          4.886180400848389,
          3.261831760406494
        ],
        "radius": 0.18743635714054108,
        "type": "circle"
      },
      {
        "id": 2,
        "position": [
          5.949259281158447,
          4.044288635253906
        ],
        "radius": 0.26541662216186523,
        "type": "circle"
      },
      {
        "id": 3,
        "position": [
          4.493645191192627,
          4.070281028747559
        ],
        "radius": 0.23388448357582092,
        "type": "circle"
      }
    ],
    "workspace_bounds": [
      0,
      10,
      0,
      8
    ],
    "robot_base_position": [
      0,
      0
    ],
    "generation_timestamp": null
  },
  "generation_timestamp": "2025-07-14T16:49:15.172686"
}