{
  "env_type": "circles",
  "difficulty": "random",
  "resolution": 0.05,
  "noise_level": 0.01,
  "workspace_bounds": [
    -1,
    11,
    -1,
    11
  ],
  "clustering_eps": 0.3,
  "min_samples": 5,
  "obstacle_type": "auto",
  "num_points": 1436,
  "num_obstacles": 4,
  "seed": 1048,
  "environment_details": {
    "environment_type": "circle_only",
    "config": {
      "num_obstacles": 4,
      "obstacle_size_range": [
        0.35,
        0.65
      ],
      "density_level": "sparse",
      "complexity_level": "complex",
      "spatial_distribution": "center",
      "workspace_utilization": 0.3195285835820021,
      "min_distance_factor": 1.9352421800243929
    },
    "num_obstacles": 4,
    "obstacles": [
      {
        "id": 0,
        "position": [
          4.565116882324219,
          3.8670260906219482
        ],
        "radius": 0.6302725672721863,
        "type": "circle"
      },
      {
        "id": 1,
        "position": [
          6.043574333190918,
          4.559490203857422
        ],
        "radius": 0.19382527470588684,
        "type": "circle"
      },
      {
        "id": 2,
        "position": [
          5.999479293823242,
          3.464421033859253
        ],
        "radius": 0.22785598039627075,
        "type": "circle"
      },
      {
        "id": 3,
        "position": [
          5.557344913482666,
          1.9336013793945312
        ],
        "radius": 0.8094919323921204,
        "type": "circle"
      }
    ],
    "workspace_bounds": [
      0,
      10,
      0,
      8
    ],
    "robot_base_position": [
      0,
      0
    ],
    "generation_timestamp": null
  },
  "generation_timestamp": "2025-07-14T16:20:41.365228"
}