{
  "env_type": "circles",
  "difficulty": "easy",
  "resolution": 0.05,
  "noise_level": 0.01,
  "workspace_bounds": [
    -1,
    11,
    -1,
    11
  ],
  "clustering_eps": 0.3,
  "min_samples": 5,
  "obstacle_type": "auto",
  "num_points": 269,
  "num_obstacles": 4,
  "seed": 8091,
  "environment_details": {
    "environment_type": "circle_only",
    "config": {
      "num_obstacles": 4,
      "obstacle_size_range": [
        0.15,
        0.35
      ],
      "density_level": "sparse",
      "complexity_level": "simple",
      "spatial_distribution": "distributed",
      "workspace_utilization": 0.4,
      "min_distance_factor": 1.8
    },
    "num_obstacles": 4,
    "obstacles": [
      {
        "id": 0,
        "position": [
          2.214977502822876,
          5.768301010131836
        ],
        "radius": 0.22226537764072418,
        "type": "circle"
      },
      {
        "id": 1,
        "position": [
          8.615314483642578,
          6.340882778167725
        ],
        "radius": 0.2448897808790207,
        "type": "circle"
      },
      {
        "id": 2,
        "position": [
          2.2081503868103027,
          4.602356910705566
        ],
        "radius": 0.21489658951759338,
        "type": "circle"
      },
      {
        "id": 3,
        "position": [
          1.3135738372802734,
          6.980825901031494
        ],
        "radius": 0.23660176992416382,
        "type": "circle"
      }
    ],
    "workspace_bounds": [
      0,
      10,
      0,
      8
    ],
    "robot_base_position": [
      0,
      0
    ],
    "generation_timestamp": null
  },
  "generation_timestamp": "2025-07-14T16:46:34.774768"
}