{
  "env_type": "circles",
  "difficulty": "easy",
  "resolution": 0.05,
  "noise_level": 0.01,
  "workspace_bounds": [
    -1,
    11,
    -1,
    11
  ],
  "clustering_eps": 0.3,
  "min_samples": 5,
  "obstacle_type": "auto",
  "num_points": 416,
  "num_obstacles": 4,
  "seed": 9826,
  "environment_details": {
    "environment_type": "circle_only",
    "config": {
      "num_obstacles": 4,
      "obstacle_size_range": [
        0.25,
        0.45
      ],
      "density_level": "sparse",
      "complexity_level": "simple",
      "spatial_distribution": "distributed",
      "workspace_utilization": 0.4,
      "min_distance_factor": 1.8
    },
    "num_obstacles": 4,
    "obstacles": [
      {
        "id": 0,
        "position": [
          7.073784351348877,
          1.2853660583496094
        ],
        "radius": 0.18823732435703278,
        "type": "circle"
      },
      {
        "id": 1,
        "position": [
          4.996945858001709,
          3.974827527999878
        ],
        "radius": 0.30234360694885254,
        "type": "circle"
      },
      {
        "id": 2,
        "position": [
          7.814727306365967,
          6.372331619262695
        ],
        "radius": 0.30446743965148926,
        "type": "circle"
      },
      {
        "id": 3,
        "position": [
          2.6048824787139893,
          2.957244634628296
        ],
        "radius": 0.3295653164386749,
        "type": "circle"
      }
    ],
    "workspace_bounds": [
      0,
      10,
      0,
      8
    ],
    "robot_base_position": [
      0,
      0
    ],
    "generation_timestamp": null
  },
  "generation_timestamp": "2025-07-14T16:52:45.833355"
}