{
  "env_type": "circles",
  "difficulty": "easy",
  "resolution": 0.05,
  "noise_level": 0.01,
  "workspace_bounds": [
    -1,
    11,
    -1,
    11
  ],
  "clustering_eps": 0.3,
  "min_samples": 5,
  "obstacle_type": "auto",
  "num_points": 771,
  "num_obstacles": 4,
  "seed": 4490,
  "environment_details": {
    "environment_type": "circle_only",
    "config": {
      "num_obstacles": 4,
      "obstacle_size_range": [
        0.25,
        0.45
      ],
      "density_level": "sparse",
      "complexity_level": "simple",
      "spatial_distribution": "distributed",
      "workspace_utilization": 0.4,
      "min_distance_factor": 1.8
    },
    "num_obstacles": 4,
    "obstacles": [
      {
        "id": 0,
        "position": [
          1.7875360250473022,
          1.4169329404830933
        ],
        "radius": 0.25857847929000854,
        "type": "circle"
      },
      {
        "id": 1,
        "position": [
          2.8410251140594482,
          1.4698028564453125
        ],
        "radius": 0.44160196185112,
        "type": "circle"
      },
      {
        "id": 2,
        "position": [
          4.247944355010986,
          4.680080413818359
        ],
        "radius": 0.48476266860961914,
        "type": "circle"
      },
      {
        "id": 3,
        "position": [
          1.4020882844924927,
          6.561984539031982
        ],
        "radius": 0.34209850430488586,
        "type": "circle"
      }
    ],
    "workspace_bounds": [
      0,
      10,
      0,
      8
    ],
    "robot_base_position": [
      0,
      0
    ],
    "generation_timestamp": null
  },
  "generation_timestamp": "2025-07-14T16:33:14.924637"
}