{
  "env_type": "circles",
  "difficulty": "easy",
  "resolution": 0.05,
  "noise_level": 0.01,
  "workspace_bounds": [
    -1,
    11,
    -1,
    11
  ],
  "clustering_eps": 0.3,
  "min_samples": 5,
  "obstacle_type": "auto",
  "num_points": 454,
  "num_obstacles": 4,
  "seed": 6744,
  "environment_details": {
    "environment_type": "circle_only",
    "config": {
      "num_obstacles": 4,
      "obstacle_size_range": [
        0.25,
        0.45
      ],
      "density_level": "sparse",
      "complexity_level": "simple",
      "spatial_distribution": "distributed",
      "workspace_utilization": 0.4,
      "min_distance_factor": 1.8
    },
    "num_obstacles": 4,
    "obstacles": [
      {
        "id": 0,
        "position": [
          1.0623080730438232,
          6.203047752380371
        ],
        "radius": 0.22955189645290375,
        "type": "circle"
      },
      {
        "id": 1,
        "position": [
          6.901851654052734,
          6.720615863800049
        ],
        "radius": 0.23344473540782928,
        "type": "circle"
      },
      {
        "id": 2,
        "position": [
          1.8399184942245483,
          2.7877049446105957
        ],
        "radius": 0.3262394666671753,
        "type": "circle"
      },
      {
        "id": 3,
        "position": [
          8.148492813110352,
          2.4019956588745117
        ],
        "radius": 0.38600656390190125,
        "type": "circle"
      }
    ],
    "workspace_bounds": [
      0,
      10,
      0,
      8
    ],
    "robot_base_position": [
      0,
      0
    ],
    "generation_timestamp": null
  },
  "generation_timestamp": "2025-07-14T16:41:34.383623"
}