{
  "env_type": "circles",
  "difficulty": "random",
  "resolution": 0.05,
  "noise_level": 0.01,
  "workspace_bounds": [
    -1,
    11,
    -1,
    11
  ],
  "clustering_eps": 0.3,
  "min_samples": 5,
  "obstacle_type": "auto",
  "num_points": 6358,
  "num_obstacles": 4,
  "seed": 298,
  "environment_details": {
    "environment_type": "circle_only",
    "config": {
      "num_obstacles": 4,
      "obstacle_size_range": [
        0.4,
        1.2
      ],
      "density_level": "sparse",
      "complexity_level": "medium",
      "spatial_distribution": "arc",
      "workspace_utilization": 0.4310815630227397,
      "min_distance_factor": 1.9769028806974998
    },
    "num_obstacles": 4,
    "obstacles": [
      {
        "id": 0,
        "position": [
          8.814364433288574,
          4.849689483642578
        ],
        "radius": 1.4773828983306885,
        "type": "circle"
      },
      {
        "id": 1,
        "position": [
          5.765960216522217,
          0.59197998046875
        ],
        "radius": 0.9255005121231079,
        "type": "circle"
      },
      {
        "id": 2,
        "position": [
          3.5986316204071045,
          3.605074405670166
        ],
        "radius": 0.6303840279579163,
        "type": "circle"
      },
      {
        "id": 3,
        "position": [
          1.1340408325195312,
          3.7844793796539307
        ],
        "radius": 1.274014949798584,
        "type": "circle"
      }
    ],
    "workspace_bounds": [
      0,
      10,
      0,
      8
    ],
    "robot_base_position": [
      0,
      0
    ],
    "generation_timestamp": null
  },
  "generation_timestamp": "2025-07-14T16:17:58.154116"
}