{
  "env_type": "circles",
  "difficulty": "easy",
  "resolution": 0.05,
  "noise_level": 0.01,
  "workspace_bounds": [
    -1,
    11,
    -1,
    11
  ],
  "clustering_eps": 0.3,
  "min_samples": 5,
  "obstacle_type": "auto",
  "num_points": 314,
  "num_obstacles": 4,
  "seed": 9676,
  "environment_details": {
    "environment_type": "circle_only",
    "config": {
      "num_obstacles": 4,
      "obstacle_size_range": [
        0.15,
        0.35
      ],
      "density_level": "sparse",
      "complexity_level": "simple",
      "spatial_distribution": "center",
      "workspace_utilization": 0.4,
      "min_distance_factor": 1.8
    },
    "num_obstacles": 4,
    "obstacles": [
      {
        "id": 0,
        "position": [
          5.087836265563965,
          3.9708471298217773
        ],
        "radius": 0.20314845442771912,
        "type": "circle"
      },
      {
        "id": 1,
        "position": [
          4.878139019012451,
          3.261491537094116
        ],
        "radius": 0.39535748958587646,
        "type": "circle"
      },
      {
        "id": 2,
        "position": [
          4.359024524688721,
          4.7905120849609375
        ],
        "radius": 0.18962079286575317,
        "type": "circle"
      },
      {
        "id": 3,
        "position": [
          5.557890892028809,
          3.4290049076080322
        ],
        "radius": 0.1335711032152176,
        "type": "circle"
      }
    ],
    "workspace_bounds": [
      0,
      10,
      0,
      8
    ],
    "robot_base_position": [
      0,
      0
    ],
    "generation_timestamp": null
  },
  "generation_timestamp": "2025-07-14T16:52:15.009797"
}