{
  "env_type": "circles",
  "difficulty": "easy",
  "resolution": 0.05,
  "noise_level": 0.01,
  "workspace_bounds": [
    -1,
    11,
    -1,
    11
  ],
  "clustering_eps": 0.3,
  "min_samples": 5,
  "obstacle_type": "auto",
  "num_points": 318,
  "num_obstacles": 4,
  "seed": 4288,
  "environment_details": {
    "environment_type": "circle_only",
    "config": {
      "num_obstacles": 4,
      "obstacle_size_range": [
        0.15,
        0.35
      ],
      "density_level": "sparse",
      "complexity_level": "simple",
      "spatial_distribution": "center",
      "workspace_utilization": 0.4,
      "min_distance_factor": 1.8
    },
    "num_obstacles": 4,
    "obstacles": [
      {
        "id": 0,
        "position": [
          5.951275825500488,
          3.5415303707122803
        ],
        "radius": 0.16706126928329468,
        "type": "circle"
      },
      {
        "id": 1,
        "position": [
          5.115762710571289,
          3.7667500972747803
        ],
        "radius": 0.2607854902744293,
        "type": "circle"
      },
      {
        "id": 2,
        "position": [
          4.514362812042236,
          3.379007339477539
        ],
        "radius": 0.36142805218696594,
        "type": "circle"
      },
      {
        "id": 3,
        "position": [
          4.636402606964111,
          4.1975555419921875
        ],
        "radius": 0.15706761181354523,
        "type": "circle"
      }
    ],
    "workspace_bounds": [
      0,
      10,
      0,
      8
    ],
    "robot_base_position": [
      0,
      0
    ],
    "generation_timestamp": null
  },
  "generation_timestamp": "2025-07-14T16:32:31.912740"
}