{
  "env_type": "circles",
  "difficulty": "easy",
  "resolution": 0.05,
  "noise_level": 0.01,
  "workspace_bounds": [
    -1,
    11,
    -1,
    11
  ],
  "clustering_eps": 0.3,
  "min_samples": 5,
  "obstacle_type": "auto",
  "num_points": 398,
  "num_obstacles": 4,
  "seed": 4121,
  "environment_details": {
    "environment_type": "circle_only",
    "config": {
      "num_obstacles": 4,
      "obstacle_size_range": [
        0.15,
        0.35
      ],
      "density_level": "sparse",
      "complexity_level": "simple",
      "spatial_distribution": "center",
      "workspace_utilization": 0.4,
      "min_distance_factor": 1.8
    },
    "num_obstacles": 4,
    "obstacles": [
      {
        "id": 0,
        "position": [
          5.258635997772217,
          4.245627403259277
        ],
        "radius": 0.19677385687828064,
        "type": "circle"
      },
      {
        "id": 1,
        "position": [
          4.390889644622803,
          4.5282721519470215
        ],
        "radius": 0.36797940731048584,
        "type": "circle"
      },
      {
        "id": 2,
        "position": [
          5.018580913543701,
          3.5269479751586914
        ],
        "radius": 0.21117760241031647,
        "type": "circle"
      },
      {
        "id": 3,
        "position": [
          5.895675182342529,
          4.116425514221191
        ],
        "radius": 0.31534886360168457,
        "type": "circle"
      }
    ],
    "workspace_bounds": [
      0,
      10,
      0,
      8
    ],
    "robot_base_position": [
      0,
      0
    ],
    "generation_timestamp": null
  },
  "generation_timestamp": "2025-07-14T16:31:55.657118"
}