{
  "env_type": "circles",
  "difficulty": "easy",
  "resolution": 0.05,
  "noise_level": 0.01,
  "workspace_bounds": [
    -1,
    11,
    -1,
    11
  ],
  "clustering_eps": 0.3,
  "min_samples": 5,
  "obstacle_type": "auto",
  "num_points": 366,
  "num_obstacles": 4,
  "seed": 9293,
  "environment_details": {
    "environment_type": "circle_only",
    "config": {
      "num_obstacles": 4,
      "obstacle_size_range": [
        0.15,
        0.35
      ],
      "density_level": "sparse",
      "complexity_level": "simple",
      "spatial_distribution": "center",
      "workspace_utilization": 0.4,
      "min_distance_factor": 1.8
    },
    "num_obstacles": 4,
    "obstacles": [
      {
        "id": 0,
        "position": [
          5.504466533660889,
          4.3350138664245605
        ],
        "radius": 0.29196467995643616,
        "type": "circle"
      },
      {
        "id": 1,
        "position": [
          4.468555450439453,
          3.634272575378418
        ],
        "radius": 0.35581734776496887,
        "type": "circle"
      },
      {
        "id": 2,
        "position": [
          6.193991661071777,
          4.363182544708252
        ],
        "radius": 0.15657538175582886,
        "type": "circle"
      },
      {
        "id": 3,
        "position": [
          5.5924787521362305,
          3.4346044063568115
        ],
        "radius": 0.23651374876499176,
        "type": "circle"
      }
    ],
    "workspace_bounds": [
      0,
      10,
      0,
      8
    ],
    "robot_base_position": [
      0,
      0
    ],
    "generation_timestamp": null
  },
  "generation_timestamp": "2025-07-14T16:50:58.138645"
}