{
  "env_type": "circles",
  "difficulty": "easy",
  "resolution": 0.05,
  "noise_level": 0.01,
  "workspace_bounds": [
    -1,
    11,
    -1,
    11
  ],
  "clustering_eps": 0.3,
  "min_samples": 5,
  "obstacle_type": "auto",
  "num_points": 421,
  "num_obstacles": 4,
  "seed": 8372,
  "environment_details": {
    "environment_type": "circle_only",
    "config": {
      "num_obstacles": 4,
      "obstacle_size_range": [
        0.15,
        0.35
      ],
      "density_level": "sparse",
      "complexity_level": "simple",
      "spatial_distribution": "distributed",
      "workspace_utilization": 0.4,
      "min_distance_factor": 1.8
    },
    "num_obstacles": 4,
    "obstacles": [
      {
        "id": 0,
        "position": [
          8.373960494995117,
          5.054137229919434
        ],
        "radius": 0.3698590099811554,
        "type": "circle"
      },
      {
        "id": 1,
        "position": [
          8.147850036621094,
          1.1927430629730225
        ],
        "radius": 0.28575077652931213,
        "type": "circle"
      },
      {
        "id": 2,
        "position": [
          8.614816665649414,
          4.149273872375488
        ],
        "radius": 0.12742836773395538,
        "type": "circle"
      },
      {
        "id": 3,
        "position": [
          6.017771244049072,
          1.5305622816085815
        ],
        "radius": 0.32397252321243286,
        "type": "circle"
      }
    ],
    "workspace_bounds": [
      0,
      10,
      0,
      8
    ],
    "robot_base_position": [
      0,
      0
    ],
    "generation_timestamp": null
  },
  "generation_timestamp": "2025-07-14T16:47:37.106083"
}