{
  "env_type": "circles",
  "difficulty": "easy",
  "resolution": 0.05,
  "noise_level": 0.01,
  "workspace_bounds": [
    -1,
    11,
    -1,
    11
  ],
  "clustering_eps": 0.3,
  "min_samples": 5,
  "obstacle_type": "auto",
  "num_points": 391,
  "num_obstacles": 4,
  "seed": 1605,
  "environment_details": {
    "environment_type": "circle_only",
    "config": {
      "num_obstacles": 4,
      "obstacle_size_range": [
        0.15,
        0.35
      ],
      "density_level": "sparse",
      "complexity_level": "simple",
      "spatial_distribution": "distributed",
      "workspace_utilization": 0.4,
      "min_distance_factor": 1.8
    },
    "num_obstacles": 4,
    "obstacles": [
      {
        "id": 0,
        "position": [
          9.228193283081055,
          4.558986663818359
        ],
        "radius": 0.2774182856082916,
        "type": "circle"
      },
      {
        "id": 1,
        "position": [
          7.697758197784424,
          6.3931732177734375
        ],
        "radius": 0.19661501049995422,
        "type": "circle"
      },
      {
        "id": 2,
        "position": [
          5.066681861877441,
          3.8534257411956787
        ],
        "radius": 0.3797260820865631,
        "type": "circle"
      },
      {
        "id": 3,
        "position": [
          5.0622782707214355,
          7.3939032554626465
        ],
        "radius": 0.22752748429775238,
        "type": "circle"
      }
    ],
    "workspace_bounds": [
      0,
      10,
      0,
      8
    ],
    "robot_base_position": [
      0,
      0
    ],
    "generation_timestamp": null
  },
  "generation_timestamp": "2025-07-14T16:22:41.940201"
}