{
  "env_type": "circles",
  "difficulty": "random",
  "resolution": 0.05,
  "noise_level": 0.01,
  "workspace_bounds": [
    -1,
    11,
    -1,
    11
  ],
  "clustering_eps": 0.3,
  "min_samples": 5,
  "obstacle_type": "auto",
  "num_points": 3820,
  "num_obstacles": 4,
  "seed": 707,
  "environment_details": {
    "environment_type": "circle_only",
    "config": {
      "num_obstacles": 4,
      "obstacle_size_range": [
        0.7,
        1.0
      ],
      "density_level": "dense",
      "complexity_level": "complex",
      "spatial_distribution": "line",
      "workspace_utilization": 0.35273564169035065,
      "min_distance_factor": 0.30116969573333524
    },
    "num_obstacles": 4,
    "obstacles": [
      {
        "id": 0,
        "position": [
          8.526071548461914,
          4.192366123199463
        ],
        "radius": 1.3139227628707886,
        "type": "circle"
      },
      {
        "id": 1,
        "position": [
          8.120328903198242,
          6.938861846923828
        ],
        "radius": 0.5633764863014221,
        "type": "circle"
      },
      {
        "id": 2,
        "position": [
          1.9524195194244385,
          3.7715365886688232
        ],
        "radius": 0.5709441900253296,
        "type": "circle"
      },
      {
        "id": 3,
        "position": [
          6.393673896789551,
          2.456897735595703
        ],
        "radius": 0.8166869282722473,
        "type": "circle"
      }
    ],
    "workspace_bounds": [
      0,
      10,
      0,
      8
    ],
    "robot_base_position": [
      0,
      0
    ],
    "generation_timestamp": null
  },
  "generation_timestamp": "2025-07-14T16:19:25.165078"
}