{
  "env_type": "circles",
  "difficulty": "random",
  "resolution": 0.05,
  "noise_level": 0.01,
  "workspace_bounds": [
    -1,
    11,
    -1,
    11
  ],
  "clustering_eps": 0.3,
  "min_samples": 5,
  "obstacle_type": "auto",
  "num_points": 968,
  "num_obstacles": 4,
  "seed": 2085,
  "environment_details": {
    "environment_type": "circle_only",
    "config": {
      "num_obstacles": 4,
      "obstacle_size_range": [
        0.35,
        0.65
      ],
      "density_level": "dense",
      "complexity_level": "simple",
      "spatial_distribution": "center",
      "workspace_utilization": 0.27228048061812804,
      "min_distance_factor": 0.6617331981370734
    },
    "num_obstacles": 4,
    "obstacles": [
      {
        "id": 0,
        "position": [
          4.804601669311523,
          3.625800609588623
        ],
        "radius": 0.5705254077911377,
        "type": "circle"
      },
      {
        "id": 1,
        "position": [
          5.4083638191223145,
          4.4474663734436035
        ],
        "radius": 0.4219646453857422,
        "type": "circle"
      },
      {
        "id": 2,
        "position": [
          5.152615547180176,
          4.171401500701904
        ],
        "radius": 0.7271212339401245,
        "type": "circle"
      },
      {
        "id": 3,
        "position": [
          4.692610263824463,
          4.474239349365234
        ],
        "radius": 0.458574503660202,
        "type": "circle"
      }
    ],
    "workspace_bounds": [
      0,
      10,
      0,
      8
    ],
    "robot_base_position": [
      0,
      0
    ],
    "generation_timestamp": null
  },
  "generation_timestamp": "2025-07-14T16:24:31.270989"
}