{
  "env_type": "circles",
  "difficulty": "random",
  "resolution": 0.05,
  "noise_level": 0.01,
  "workspace_bounds": [
    -1,
    11,
    -1,
    11
  ],
  "clustering_eps": 0.3,
  "min_samples": 5,
  "obstacle_type": "auto",
  "num_points": 1207,
  "num_obstacles": 4,
  "seed": 9010,
  "environment_details": {
    "environment_type": "circle_only",
    "config": {
      "num_obstacles": 4,
      "obstacle_size_range": [
        0.35,
        0.65
      ],
      "density_level": "medium",
      "complexity_level": "complex",
      "spatial_distribution": "center",
      "workspace_utilization": 0.29402246629699896,
      "min_distance_factor": 1.4978088608226772
    },
    "num_obstacles": 4,
    "obstacles": [
      {
        "id": 0,
        "position": [
          5.474025249481201,
          4.360795497894287
        ],
        "radius": 0.3586260974407196,
        "type": "circle"
      },
      {
        "id": 1,
        "position": [
          5.479735374450684,
          3.4594151973724365
        ],
        "radius": 0.33729836344718933,
        "type": "circle"
      },
      {
        "id": 2,
        "position": [
          4.639388561248779,
          3.480093002319336
        ],
        "radius": 0.3114002048969269,
        "type": "circle"
      },
      {
        "id": 3,
        "position": [
          4.5887017250061035,
          4.261106967926025
        ],
        "radius": 0.8542828559875488,
        "type": "circle"
      }
    ],
    "workspace_bounds": [
      0,
      10,
      0,
      8
    ],
    "robot_base_position": [
      0,
      0
    ],
    "generation_timestamp": null
  },
  "generation_timestamp": "2025-07-14T16:49:57.750306"
}