{
  "env_type": "circles",
  "difficulty": "easy",
  "resolution": 0.05,
  "noise_level": 0.01,
  "workspace_bounds": [
    -1,
    11,
    -1,
    11
  ],
  "clustering_eps": 0.3,
  "min_samples": 5,
  "obstacle_type": "auto",
  "num_points": 285,
  "num_obstacles": 4,
  "seed": 8148,
  "environment_details": {
    "environment_type": "circle_only",
    "config": {
      "num_obstacles": 4,
      "obstacle_size_range": [
        0.15,
        0.35
      ],
      "density_level": "sparse",
      "complexity_level": "simple",
      "spatial_distribution": "distributed",
      "workspace_utilization": 0.4,
      "min_distance_factor": 1.8
    },
    "num_obstacles": 4,
    "obstacles": [
      {
        "id": 0,
        "position": [
          1.1373039484024048,
          3.446610927581787
        ],
        "radius": 0.13150842487812042,
        "type": "circle"
      },
      {
        "id": 1,
        "position": [
          1.133396029472351,
          2.700857639312744
        ],
        "radius": 0.1152113825082779,
        "type": "circle"
      },
      {
        "id": 2,
        "position": [
          7.754825115203857,
          0.8323097825050354
        ],
        "radius": 0.14306943118572235,
        "type": "circle"
      },
      {
        "id": 3,
        "position": [
          5.095726013183594,
          3.0015833377838135
        ],
        "radius": 0.4222396910190582,
        "type": "circle"
      }
    ],
    "workspace_bounds": [
      0,
      10,
      0,
      8
    ],
    "robot_base_position": [
      0,
      0
    ],
    "generation_timestamp": null
  },
  "generation_timestamp": "2025-07-14T16:46:46.912888"
}