{
  "env_type": "circles",
  "difficulty": "easy",
  "resolution": 0.05,
  "noise_level": 0.01,
  "workspace_bounds": [
    -1,
    11,
    -1,
    11
  ],
  "clustering_eps": 0.3,
  "min_samples": 5,
  "obstacle_type": "auto",
  "num_points": 492,
  "num_obstacles": 4,
  "seed": 3331,
  "environment_details": {
    "environment_type": "circle_only",
    "config": {
      "num_obstacles": 4,
      "obstacle_size_range": [
        0.15,
        0.35
      ],
      "density_level": "sparse",
      "complexity_level": "simple",
      "spatial_distribution": "distributed",
      "workspace_utilization": 0.4,
      "min_distance_factor": 1.8
    },
    "num_obstacles": 4,
    "obstacles": [
      {
        "id": 0,
        "position": [
          3.2068233489990234,
          7.129948616027832
        ],
        "radius": 0.3167230486869812,
        "type": "circle"
      },
      {
        "id": 1,
        "position": [
          2.426520586013794,
          1.023987889289856
        ],
        "radius": 0.35076451301574707,
        "type": "circle"
      },
      {
        "id": 2,
        "position": [
          5.028998374938965,
          3.850677490234375
        ],
        "radius": 0.24010254442691803,
        "type": "circle"
      },
      {
        "id": 3,
        "position": [
          7.5703654289245605,
          2.5106894969940186
        ],
        "radius": 0.33079931139945984,
        "type": "circle"
      }
    ],
    "workspace_bounds": [
      0,
      10,
      0,
      8
    ],
    "robot_base_position": [
      0,
      0
    ],
    "generation_timestamp": null
  },
  "generation_timestamp": "2025-07-14T16:29:07.831817"
}