{
  "env_type": "circles",
  "difficulty": "random",
  "resolution": 0.05,
  "noise_level": 0.01,
  "workspace_bounds": [
    -1,
    11,
    -1,
    11
  ],
  "clustering_eps": 0.3,
  "min_samples": 5,
  "obstacle_type": "auto",
  "num_points": 2185,
  "num_obstacles": 3,
  "seed": 1267,
  "environment_details": {
    "environment_type": "circle_only",
    "config": {
      "num_obstacles": 3,
      "obstacle_size_range": [
        0.35,
        0.65
      ],
      "density_level": "medium",
      "complexity_level": "complex",
      "spatial_distribution": "arc",
      "workspace_utilization": 0.38564684108500114,
      "min_distance_factor": 1.2906883134423417
    },
    "num_obstacles": 3,
    "obstacles": [
      {
        "id": 0,
        "position": [
          5.7255096435546875,
          4.356722354888916
        ],
        "radius": 0.14242689311504364,
        "type": "circle"
      },
      {
        "id": 1,
        "position": [
          7.441789150238037,
          1.5811811685562134
        ],
        "radius": 0.9128565192222595,
        "type": "circle"
      },
      {
        "id": 2,
        "position": [
          3.4463791847229004,
          0.5202978253364563
        ],
        "radius": 0.9406061768531799,
        "type": "circle"
      }
    ],
    "workspace_bounds": [
      0,
      10,
      0,
      8
    ],
    "robot_base_position": [
      0,
      0
    ],
    "generation_timestamp": null
  },
  "generation_timestamp": "2025-07-14T16:21:29.896825"
}