{
  "env_type": "circles",
  "difficulty": "easy",
  "resolution": 0.05,
  "noise_level": 0.01,
  "workspace_bounds": [
    -1,
    11,
    -1,
    11
  ],
  "clustering_eps": 0.3,
  "min_samples": 5,
  "obstacle_type": "auto",
  "num_points": 388,
  "num_obstacles": 4,
  "seed": 8409,
  "environment_details": {
    "environment_type": "circle_only",
    "config": {
      "num_obstacles": 4,
      "obstacle_size_range": [
        0.25,
        0.45
      ],
      "density_level": "sparse",
      "complexity_level": "simple",
      "spatial_distribution": "center",
      "workspace_utilization": 0.4,
      "min_distance_factor": 1.8
    },
    "num_obstacles": 4,
    "obstacles": [
      {
        "id": 0,
        "position": [
          5.927464485168457,
          4.501030445098877
        ],
        "radius": 0.34988248348236084,
        "type": "circle"
      },
      {
        "id": 1,
        "position": [
          4.637802600860596,
          4.555726528167725
        ],
        "radius": 0.23053239285945892,
        "type": "circle"
      },
      {
        "id": 2,
        "position": [
          5.287725448608398,
          4.776113033294678
        ],
        "radius": 0.30103179812431335,
        "type": "circle"
      },
      {
        "id": 3,
        "position": [
          4.769785404205322,
          3.8349928855895996
        ],
        "radius": 0.20050084590911865,
        "type": "circle"
      }
    ],
    "workspace_bounds": [
      0,
      10,
      0,
      8
    ],
    "robot_base_position": [
      0,
      0
    ],
    "generation_timestamp": null
  },
  "generation_timestamp": "2025-07-14T16:47:45.488095"
}