{
  "env_type": "circles",
  "difficulty": "easy",
  "resolution": 0.05,
  "noise_level": 0.01,
  "workspace_bounds": [
    -1,
    11,
    -1,
    11
  ],
  "clustering_eps": 0.3,
  "min_samples": 5,
  "obstacle_type": "auto",
  "num_points": 589,
  "num_obstacles": 4,
  "seed": 9851,
  "environment_details": {
    "environment_type": "circle_only",
    "config": {
      "num_obstacles": 4,
      "obstacle_size_range": [
        0.15,
        0.35
      ],
      "density_level": "sparse",
      "complexity_level": "simple",
      "spatial_distribution": "distributed",
      "workspace_utilization": 0.4,
      "min_distance_factor": 1.8
    },
    "num_obstacles": 4,
    "obstacles": [
      {
        "id": 0,
        "position": [
          7.197654724121094,
          3.016937732696533
        ],
        "radius": 0.2985415756702423,
        "type": "circle"
      },
      {
        "id": 1,
        "position": [
          3.5733489990234375,
          3.817216396331787
        ],
        "radius": 0.3695324957370758,
        "type": "circle"
      },
      {
        "id": 2,
        "position": [
          6.852041244506836,
          1.9457340240478516
        ],
        "radius": 0.3617542088031769,
        "type": "circle"
      },
      {
        "id": 3,
        "position": [
          1.4983100891113281,
          4.5126237869262695
        ],
        "radius": 0.33274558186531067,
        "type": "circle"
      }
    ],
    "workspace_bounds": [
      0,
      10,
      0,
      8
    ],
    "robot_base_position": [
      0,
      0
    ],
    "generation_timestamp": null
  },
  "generation_timestamp": "2025-07-14T16:52:51.269384"
}