{
  "env_type": "circles",
  "difficulty": "easy",
  "resolution": 0.05,
  "noise_level": 0.01,
  "workspace_bounds": [
    -1,
    11,
    -1,
    11
  ],
  "clustering_eps": 0.3,
  "min_samples": 5,
  "obstacle_type": "auto",
  "num_points": 399,
  "num_obstacles": 4,
  "seed": 9752,
  "environment_details": {
    "environment_type": "circle_only",
    "config": {
      "num_obstacles": 4,
      "obstacle_size_range": [
        0.15,
        0.35
      ],
      "density_level": "sparse",
      "complexity_level": "simple",
      "spatial_distribution": "center",
      "workspace_utilization": 0.4,
      "min_distance_factor": 1.8
    },
    "num_obstacles": 4,
    "obstacles": [
      {
        "id": 0,
        "position": [
          4.282648086547852,
          4.7781829833984375
        ],
        "radius": 0.33698898553848267,
        "type": "circle"
      },
      {
        "id": 1,
        "position": [
          4.738551616668701,
          4.747432231903076
        ],
        "radius": 0.3127443790435791,
        "type": "circle"
      },
      {
        "id": 2,
        "position": [
          4.436456203460693,
          3.564901113510132
        ],
        "radius": 0.22329968214035034,
        "type": "circle"
      },
      {
        "id": 3,
        "position": [
          4.285398006439209,
          4.137807846069336
        ],
        "radius": 0.26964253187179565,
        "type": "circle"
      }
    ],
    "workspace_bounds": [
      0,
      10,
      0,
      8
    ],
    "robot_base_position": [
      0,
      0
    ],
    "generation_timestamp": null
  },
  "generation_timestamp": "2025-07-14T16:52:31.493160"
}