{
  "env_type": "circles",
  "difficulty": "random",
  "resolution": 0.05,
  "noise_level": 0.01,
  "workspace_bounds": [
    -1,
    11,
    -1,
    11
  ],
  "clustering_eps": 0.3,
  "min_samples": 5,
  "obstacle_type": "auto",
  "num_points": 5229,
  "num_obstacles": 4,
  "seed": 4729,
  "environment_details": {
    "environment_type": "circle_only",
    "config": {
      "num_obstacles": 4,
      "obstacle_size_range": [
        0.9,
        1.3
      ],
      "density_level": "dense",
      "complexity_level": "simple",
      "spatial_distribution": "arc",
      "workspace_utilization": 0.3453432730309668,
      "min_distance_factor": 0.6106911037759777
    },
    "num_obstacles": 4,
    "obstacles": [
      {
        "id": 0,
        "position": [
          6.959383964538574,
          7.185365676879883
        ],
        "radius": 1.2298506498336792,
        "type": "circle"
      },
      {
        "id": 1,
        "position": [
          9.415985107421875,
          6.314256191253662
        ],
        "radius": 1.0093209743499756,
        "type": "circle"
      },
      {
        "id": 2,
        "position": [
          5.933545112609863,
          5.224019527435303
        ],
        "radius": 0.801386296749115,
        "type": "circle"
      },
      {
        "id": 3,
        "position": [
          4.9705095291137695,
          4.1446428298950195
        ],
        "radius": 1.0439341068267822,
        "type": "circle"
      }
    ],
    "workspace_bounds": [
      0,
      10,
      0,
      8
    ],
    "robot_base_position": [
      0,
      0
    ],
    "generation_timestamp": null
  },
  "generation_timestamp": "2025-07-14T16:34:05.059556"
}