{
  "env_type": "circles",
  "difficulty": "easy",
  "resolution": 0.05,
  "noise_level": 0.01,
  "workspace_bounds": [
    -1,
    11,
    -1,
    11
  ],
  "clustering_eps": 0.3,
  "min_samples": 5,
  "obstacle_type": "auto",
  "num_points": 276,
  "num_obstacles": 4,
  "seed": 6811,
  "environment_details": {
    "environment_type": "circle_only",
    "config": {
      "num_obstacles": 4,
      "obstacle_size_range": [
        0.15,
        0.35
      ],
      "density_level": "sparse",
      "complexity_level": "simple",
      "spatial_distribution": "center",
      "workspace_utilization": 0.4,
      "min_distance_factor": 1.8
    },
    "num_obstacles": 4,
    "obstacles": [
      {
        "id": 0,
        "position": [
          5.493589878082275,
          3.441223382949829
        ],
        "radius": 0.1100645586848259,
        "type": "circle"
      },
      {
        "id": 1,
        "position": [
          4.636570930480957,
          4.824093341827393
        ],
        "radius": 0.2262083739042282,
        "type": "circle"
      },
      {
        "id": 2,
        "position": [
          6.250985622406006,
          3.4345321655273438
        ],
        "radius": 0.27819353342056274,
        "type": "circle"
      },
      {
        "id": 3,
        "position": [
          4.7292327880859375,
          4.042568683624268
        ],
        "radius": 0.2768917381763458,
        "type": "circle"
      }
    ],
    "workspace_bounds": [
      0,
      10,
      0,
      8
    ],
    "robot_base_position": [
      0,
      0
    ],
    "generation_timestamp": null
  },
  "generation_timestamp": "2025-07-14T16:41:47.556889"
}