{
  "env_type": "circles",
  "difficulty": "easy",
  "resolution": 0.05,
  "noise_level": 0.01,
  "workspace_bounds": [
    -1,
    11,
    -1,
    11
  ],
  "clustering_eps": 0.3,
  "min_samples": 5,
  "obstacle_type": "auto",
  "num_points": 502,
  "num_obstacles": 4,
  "seed": 9623,
  "environment_details": {
    "environment_type": "circle_only",
    "config": {
      "num_obstacles": 4,
      "obstacle_size_range": [
        0.25,
        0.45
      ],
      "density_level": "sparse",
      "complexity_level": "simple",
      "spatial_distribution": "center",
      "workspace_utilization": 0.4,
      "min_distance_factor": 1.8
    },
    "num_obstacles": 4,
    "obstacles": [
      {
        "id": 0,
        "position": [
          5.138246536254883,
          3.3861446380615234
        ],
        "radius": 0.25082555413246155,
        "type": "circle"
      },
      {
        "id": 1,
        "position": [
          4.231714248657227,
          3.7779598236083984
        ],
        "radius": 0.33557167649269104,
        "type": "circle"
      },
      {
        "id": 2,
        "position": [
          6.1165289878845215,
          3.629783868789673
        ],
        "radius": 0.36310479044914246,
        "type": "circle"
      },
      {
        "id": 3,
        "position": [
          5.547013282775879,
          4.428489685058594
        ],
        "radius": 0.3032883107662201,
        "type": "circle"
      }
    ],
    "workspace_bounds": [
      0,
      10,
      0,
      8
    ],
    "robot_base_position": [
      0,
      0
    ],
    "generation_timestamp": null
  },
  "generation_timestamp": "2025-07-14T16:52:03.712980"
}