{
  "env_type": "circles",
  "difficulty": "easy",
  "resolution": 0.05,
  "noise_level": 0.01,
  "workspace_bounds": [
    -1,
    11,
    -1,
    11
  ],
  "clustering_eps": 0.3,
  "min_samples": 5,
  "obstacle_type": "auto",
  "num_points": 253,
  "num_obstacles": 4,
  "seed": 6631,
  "environment_details": {
    "environment_type": "circle_only",
    "config": {
      "num_obstacles": 4,
      "obstacle_size_range": [
        0.15,
        0.35
      ],
      "density_level": "sparse",
      "complexity_level": "simple",
      "spatial_distribution": "center",
      "workspace_utilization": 0.4,
      "min_distance_factor": 1.8
    },
    "num_obstacles": 4,
    "obstacles": [
      {
        "id": 0,
        "position": [
          4.979110240936279,
          4.423676490783691
        ],
        "radius": 0.26360541582107544,
        "type": "circle"
      },
      {
        "id": 1,
        "position": [
          4.588197708129883,
          3.5853734016418457
        ],
        "radius": 0.2612149715423584,
        "type": "circle"
      },
      {
        "id": 2,
        "position": [
          6.239312171936035,
          3.5111563205718994
        ],
        "radius": 0.21381862461566925,
        "type": "circle"
      },
      {
        "id": 3,
        "position": [
          6.146512031555176,
          4.652889728546143
        ],
        "radius": 0.1418384611606598,
        "type": "circle"
      }
    ],
    "workspace_bounds": [
      0,
      10,
      0,
      8
    ],
    "robot_base_position": [
      0,
      0
    ],
    "generation_timestamp": null
  },
  "generation_timestamp": "2025-07-14T16:41:11.124052"
}