{
  "env_type": "circles",
  "difficulty": "random",
  "resolution": 0.05,
  "noise_level": 0.01,
  "workspace_bounds": [
    -1,
    11,
    -1,
    11
  ],
  "clustering_eps": 0.3,
  "min_samples": 5,
  "obstacle_type": "auto",
  "num_points": 1045,
  "num_obstacles": 4,
  "seed": 4097,
  "environment_details": {
    "environment_type": "circle_only",
    "config": {
      "num_obstacles": 4,
      "obstacle_size_range": [
        0.2,
        0.8
      ],
      "density_level": "medium",
      "complexity_level": "medium",
      "spatial_distribution": "center",
      "workspace_utilization": 0.29736590474453867,
      "min_distance_factor": 1.4319580053327712
    },
    "num_obstacles": 4,
    "obstacles": [
      {
        "id": 0,
        "position": [
          4.695573329925537,
          4.308145999908447
        ],
        "radius": 0.3796992897987366,
        "type": "circle"
      },
      {
        "id": 1,
        "position": [
          5.392115116119385,
          3.6378700733184814
        ],
        "radius": 0.5718510746955872,
        "type": "circle"
      },
      {
        "id": 2,
        "position": [
          5.4387617111206055,
          4.522745132446289
        ],
        "radius": 0.24972844123840332,
        "type": "circle"
      },
      {
        "id": 3,
        "position": [
          4.5899858474731445,
          3.3919174671173096
        ],
        "radius": 0.5988038182258606,
        "type": "circle"
      }
    ],
    "workspace_bounds": [
      0,
      10,
      0,
      8
    ],
    "robot_base_position": [
      0,
      0
    ],
    "generation_timestamp": null
  },
  "generation_timestamp": "2025-07-14T16:31:50.827842"
}