{
  "env_type": "circles",
  "difficulty": "random",
  "resolution": 0.05,
  "noise_level": 0.01,
  "workspace_bounds": [
    -1,
    11,
    -1,
    11
  ],
  "clustering_eps": 0.3,
  "min_samples": 5,
  "obstacle_type": "auto",
  "num_points": 120,
  "num_obstacles": 4,
  "seed": 3954,
  "environment_details": {
    "environment_type": "circle_only",
    "config": {
      "num_obstacles": 4,
      "obstacle_size_range": [
        0.1,
        0.2
      ],
      "density_level": "dense",
      "complexity_level": "simple",
      "spatial_distribution": "distributed",
      "workspace_utilization": 0.36618827734150544,
      "min_distance_factor": 0.7463793753751402
    },
    "num_obstacles": 4,
    "obstacles": [
      {
        "id": 0,
        "position": [
          7.038773059844971,
          6.924111366271973
        ],
        "radius": 0.1386643350124359,
        "type": "circle"
      },
      {
        "id": 1,
        "position": [
          8.079153060913086,
          4.4077606201171875
        ],
        "radius": 0.14266251027584076,
        "type": "circle"
      },
      {
        "id": 2,
        "position": [
          7.469329833984375,
          3.3478713035583496
        ],
        "radius": 0.21188969910144806,
        "type": "circle"
      },
      {
        "id": 3,
        "position": [
          2.3255181312561035,
          6.273736953735352
        ],
        "radius": 0.10369880497455597,
        "type": "circle"
      }
    ],
    "workspace_bounds": [
      0,
      10,
      0,
      8
    ],
    "robot_base_position": [
      0,
      0
    ],
    "generation_timestamp": null
  },
  "generation_timestamp": "2025-07-14T16:31:18.901803"
}