{
  "env_type": "circles",
  "difficulty": "easy",
  "resolution": 0.05,
  "noise_level": 0.01,
  "workspace_bounds": [
    -1,
    11,
    -1,
    11
  ],
  "clustering_eps": 0.3,
  "min_samples": 5,
  "obstacle_type": "auto",
  "num_points": 245,
  "num_obstacles": 4,
  "seed": 4868,
  "environment_details": {
    "environment_type": "circle_only",
    "config": {
      "num_obstacles": 4,
      "obstacle_size_range": [
        0.15,
        0.35
      ],
      "density_level": "sparse",
      "complexity_level": "simple",
      "spatial_distribution": "distributed",
      "workspace_utilization": 0.4,
      "min_distance_factor": 1.8
    },
    "num_obstacles": 4,
    "obstacles": [
      {
        "id": 0,
        "position": [
          2.9137864112854004,
          3.2798409461975098
        ],
        "radius": 0.3088424503803253,
        "type": "circle"
      },
      {
        "id": 1,
        "position": [
          7.596014499664307,
          2.2880985736846924
        ],
        "radius": 0.15585488080978394,
        "type": "circle"
      },
      {
        "id": 2,
        "position": [
          7.446907043457031,
          0.5997887253761292
        ],
        "radius": 0.2274215966463089,
        "type": "circle"
      },
      {
        "id": 3,
        "position": [
          2.747342586517334,
          1.3981482982635498
        ],
        "radius": 0.15185648202896118,
        "type": "circle"
      }
    ],
    "workspace_bounds": [
      0,
      10,
      0,
      8
    ],
    "robot_base_position": [
      0,
      0
    ],
    "generation_timestamp": null
  },
  "generation_timestamp": "2025-07-14T16:34:37.540591"
}