{
  "env_type": "circles",
  "difficulty": "easy",
  "resolution": 0.05,
  "noise_level": 0.01,
  "workspace_bounds": [
    -1,
    11,
    -1,
    11
  ],
  "clustering_eps": 0.3,
  "min_samples": 5,
  "obstacle_type": "auto",
  "num_points": 276,
  "num_obstacles": 4,
  "seed": 738,
  "environment_details": {
    "environment_type": "circle_only",
    "config": {
      "num_obstacles": 4,
      "obstacle_size_range": [
        0.15,
        0.35
      ],
      "density_level": "sparse",
      "complexity_level": "simple",
      "spatial_distribution": "distributed",
      "workspace_utilization": 0.4,
      "min_distance_factor": 1.8
    },
    "num_obstacles": 4,
    "obstacles": [
      {
        "id": 0,
        "position": [
          2.1825263500213623,
          1.7421530485153198
        ],
        "radius": 0.23431949317455292,
        "type": "circle"
      },
      {
        "id": 1,
        "position": [
          7.794588088989258,
          2.817854166030884
        ],
        "radius": 0.1512962132692337,
        "type": "circle"
      },
      {
        "id": 2,
        "position": [
          1.526259183883667,
          3.4273531436920166
        ],
        "radius": 0.25208422541618347,
        "type": "circle"
      },
      {
        "id": 3,
        "position": [
          9.187724113464355,
          2.626598358154297
        ],
        "radius": 0.27758798003196716,
        "type": "circle"
      }
    ],
    "workspace_bounds": [
      0,
      10,
      0,
      8
    ],
    "robot_base_position": [
      0,
      0
    ],
    "generation_timestamp": null
  },
  "generation_timestamp": "2025-07-14T16:19:31.915313"
}