{
  "env_type": "circles",
  "difficulty": "easy",
  "resolution": 0.05,
  "noise_level": 0.01,
  "workspace_bounds": [
    -1,
    11,
    -1,
    11
  ],
  "clustering_eps": 0.3,
  "min_samples": 5,
  "obstacle_type": "auto",
  "num_points": 227,
  "num_obstacles": 4,
  "seed": 9671,
  "environment_details": {
    "environment_type": "circle_only",
    "config": {
      "num_obstacles": 4,
      "obstacle_size_range": [
        0.15,
        0.35
      ],
      "density_level": "sparse",
      "complexity_level": "simple",
      "spatial_distribution": "center",
      "workspace_utilization": 0.4,
      "min_distance_factor": 1.8
    },
    "num_obstacles": 4,
    "obstacles": [
      {
        "id": 0,
        "position": [
          5.6867475509643555,
          4.315165042877197
        ],
        "radius": 0.2607811391353607,
        "type": "circle"
      },
      {
        "id": 1,
        "position": [
          4.86110258102417,
          4.2920660972595215
        ],
        "radius": 0.23173409700393677,
        "type": "circle"
      },
      {
        "id": 2,
        "position": [
          6.027461051940918,
          3.750446081161499
        ],
        "radius": 0.2012784779071808,
        "type": "circle"
      },
      {
        "id": 3,
        "position": [
          4.83551549911499,
          3.7306711673736572
        ],
        "radius": 0.13699029386043549,
        "type": "circle"
      }
    ],
    "workspace_bounds": [
      0,
      10,
      0,
      8
    ],
    "robot_base_position": [
      0,
      0
    ],
    "generation_timestamp": null
  },
  "generation_timestamp": "2025-07-14T16:52:13.725913"
}