{
  "env_type": "circles",
  "difficulty": "easy",
  "resolution": 0.05,
  "noise_level": 0.01,
  "workspace_bounds": [
    -1,
    11,
    -1,
    11
  ],
  "clustering_eps": 0.3,
  "min_samples": 5,
  "obstacle_type": "auto",
  "num_points": 436,
  "num_obstacles": 4,
  "seed": 1591,
  "environment_details": {
    "environment_type": "circle_only",
    "config": {
      "num_obstacles": 4,
      "obstacle_size_range": [
        0.15,
        0.35
      ],
      "density_level": "sparse",
      "complexity_level": "simple",
      "spatial_distribution": "distributed",
      "workspace_utilization": 0.4,
      "min_distance_factor": 1.8
    },
    "num_obstacles": 4,
    "obstacles": [
      {
        "id": 0,
        "position": [
          9.246026039123535,
          4.443251132965088
        ],
        "radius": 0.3494647741317749,
        "type": "circle"
      },
      {
        "id": 1,
        "position": [
          8.061470031738281,
          6.299427509307861
        ],
        "radius": 0.21174654364585876,
        "type": "circle"
      },
      {
        "id": 2,
        "position": [
          9.026460647583008,
          2.2560644149780273
        ],
        "radius": 0.1969922035932541,
        "type": "circle"
      },
      {
        "id": 3,
        "position": [
          3.0324668884277344,
          0.7760007381439209
        ],
        "radius": 0.37855803966522217,
        "type": "circle"
      }
    ],
    "workspace_bounds": [
      0,
      10,
      0,
      8
    ],
    "robot_base_position": [
      0,
      0
    ],
    "generation_timestamp": null
  },
  "generation_timestamp": "2025-07-14T16:22:38.742133"
}