{
  "env_type": "circles",
  "difficulty": "easy",
  "resolution": 0.05,
  "noise_level": 0.01,
  "workspace_bounds": [
    -1,
    11,
    -1,
    11
  ],
  "clustering_eps": 0.3,
  "min_samples": 5,
  "obstacle_type": "auto",
  "num_points": 385,
  "num_obstacles": 4,
  "seed": 951,
  "environment_details": {
    "environment_type": "circle_only",
    "config": {
      "num_obstacles": 4,
      "obstacle_size_range": [
        0.25,
        0.45
      ],
      "density_level": "sparse",
      "complexity_level": "simple",
      "spatial_distribution": "distributed",
      "workspace_utilization": 0.4,
      "min_distance_factor": 1.8
    },
    "num_obstacles": 4,
    "obstacles": [
      {
        "id": 0,
        "position": [
          2.1209988594055176,
          6.385085582733154
        ],
        "radius": 0.30907589197158813,
        "type": "circle"
      },
      {
        "id": 1,
        "position": [
          1.5685302019119263,
          2.6368165016174316
        ],
        "radius": 0.23872853815555573,
        "type": "circle"
      },
      {
        "id": 2,
        "position": [
          4.920851707458496,
          5.174039840698242
        ],
        "radius": 0.22070123255252838,
        "type": "circle"
      },
      {
        "id": 3,
        "position": [
          8.113035202026367,
          4.614336967468262
        ],
        "radius": 0.32825079560279846,
        "type": "circle"
      }
    ],
    "workspace_bounds": [
      0,
      10,
      0,
      8
    ],
    "robot_base_position": [
      0,
      0
    ],
    "generation_timestamp": null
  },
  "generation_timestamp": "2025-07-14T16:20:18.823433"
}