{
  "env_type": "circles",
  "difficulty": "easy",
  "resolution": 0.05,
  "noise_level": 0.01,
  "workspace_bounds": [
    -1,
    11,
    -1,
    11
  ],
  "clustering_eps": 0.3,
  "min_samples": 5,
  "obstacle_type": "auto",
  "num_points": 636,
  "num_obstacles": 4,
  "seed": 1930,
  "environment_details": {
    "environment_type": "circle_only",
    "config": {
      "num_obstacles": 4,
      "obstacle_size_range": [
        0.25,
        0.45
      ],
      "density_level": "sparse",
      "complexity_level": "simple",
      "spatial_distribution": "center",
      "workspace_utilization": 0.4,
      "min_distance_factor": 1.8
    },
    "num_obstacles": 4,
    "obstacles": [
      {
        "id": 0,
        "position": [
          5.841416835784912,
          4.438534259796143
        ],
        "radius": 0.24105402827262878,
        "type": "circle"
      },
      {
        "id": 1,
        "position": [
          5.590015888214111,
          3.6423072814941406
        ],
        "radius": 0.3695857524871826,
        "type": "circle"
      },
      {
        "id": 2,
        "position": [
          4.248834133148193,
          3.8665027618408203
        ],
        "radius": 0.42329326272010803,
        "type": "circle"
      },
      {
        "id": 3,
        "position": [
          6.174627304077148,
          3.1860268115997314
        ],
        "radius": 0.3617438077926636,
        "type": "circle"
      }
    ],
    "workspace_bounds": [
      0,
      10,
      0,
      8
    ],
    "robot_base_position": [
      0,
      0
    ],
    "generation_timestamp": null
  },
  "generation_timestamp": "2025-07-14T16:23:56.292910"
}