{
  "env_type": "circles",
  "difficulty": "random",
  "resolution": 0.05,
  "noise_level": 0.01,
  "workspace_bounds": [
    -1,
    11,
    -1,
    11
  ],
  "clustering_eps": 0.3,
  "min_samples": 5,
  "obstacle_type": "auto",
  "num_points": 2215,
  "num_obstacles": 3,
  "seed": 5267,
  "environment_details": {
    "environment_type": "circle_only",
    "config": {
      "num_obstacles": 3,
      "obstacle_size_range": [
        0.7,
        1.0
      ],
      "density_level": "sparse",
      "complexity_level": "medium",
      "spatial_distribution": "arc",
      "workspace_utilization": 0.29661579196863475,
      "min_distance_factor": 1.8025433395021682
    },
    "num_obstacles": 3,
    "obstacles": [
      {
        "id": 0,
        "position": [
          1.0810766220092773,
          3.8364224433898926
        ],
        "radius": 0.6938483715057373,
        "type": "circle"
      },
      {
        "id": 1,
        "position": [
          4.7143449783325195,
          1.0944889783859253
        ],
        "radius": 1.0315098762512207,
        "type": "circle"
      },
      {
        "id": 2,
        "position": [
          4.933011054992676,
          3.722264289855957
        ],
        "radius": 0.46779677271842957,
        "type": "circle"
      }
    ],
    "workspace_bounds": [
      0,
      10,
      0,
      8
    ],
    "robot_base_position": [
      0,
      0
    ],
    "generation_timestamp": null
  },
  "generation_timestamp": "2025-07-14T16:36:02.793692"
}