{
  "env_type": "circles",
  "difficulty": "easy",
  "resolution": 0.05,
  "noise_level": 0.01,
  "workspace_bounds": [
    -1,
    11,
    -1,
    11
  ],
  "clustering_eps": 0.3,
  "min_samples": 5,
  "obstacle_type": "auto",
  "num_points": 167,
  "num_obstacles": 4,
  "seed": 4728,
  "environment_details": {
    "environment_type": "circle_only",
    "config": {
      "num_obstacles": 4,
      "obstacle_size_range": [
        0.15,
        0.35
      ],
      "density_level": "sparse",
      "complexity_level": "simple",
      "spatial_distribution": "center",
      "workspace_utilization": 0.4,
      "min_distance_factor": 1.8
    },
    "num_obstacles": 4,
    "obstacles": [
      {
        "id": 0,
        "position": [
          6.265063762664795,
          4.664815425872803
        ],
        "radius": 0.23201872408390045,
        "type": "circle"
      },
      {
        "id": 1,
        "position": [
          4.874741554260254,
          4.004951477050781
        ],
        "radius": 0.14170391857624054,
        "type": "circle"
      },
      {
        "id": 2,
        "position": [
          4.292453289031982,
          3.5027430057525635
        ],
        "radius": 0.1899370700120926,
        "type": "circle"
      },
      {
        "id": 3,
        "position": [
          4.905396461486816,
          4.620499134063721
        ],
        "radius": 0.14767324924468994,
        "type": "circle"
      }
    ],
    "workspace_bounds": [
      0,
      10,
      0,
      8
    ],
    "robot_base_position": [
      0,
      0
    ],
    "generation_timestamp": null
  },
  "generation_timestamp": "2025-07-14T16:34:05.039822"
}