{
  "env_type": "circles",
  "difficulty": "easy",
  "resolution": 0.05,
  "noise_level": 0.01,
  "workspace_bounds": [
    -1,
    11,
    -1,
    11
  ],
  "clustering_eps": 0.3,
  "min_samples": 5,
  "obstacle_type": "auto",
  "num_points": 391,
  "num_obstacles": 4,
  "seed": 5814,
  "environment_details": {
    "environment_type": "circle_only",
    "config": {
      "num_obstacles": 4,
      "obstacle_size_range": [
        0.15,
        0.35
      ],
      "density_level": "sparse",
      "complexity_level": "simple",
      "spatial_distribution": "distributed",
      "workspace_utilization": 0.4,
      "min_distance_factor": 1.8
    },
    "num_obstacles": 4,
    "obstacles": [
      {
        "id": 0,
        "position": [
          1.3163530826568604,
          5.44702672958374
        ],
        "radius": 0.32405081391334534,
        "type": "circle"
      },
      {
        "id": 1,
        "position": [
          4.2572245597839355,
          5.220364570617676
        ],
        "radius": 0.32701730728149414,
        "type": "circle"
      },
      {
        "id": 2,
        "position": [
          2.7640106678009033,
          2.728703498840332
        ],
        "radius": 0.1707940399646759,
        "type": "circle"
      },
      {
        "id": 3,
        "position": [
          6.419989585876465,
          3.027358293533325
        ],
        "radius": 0.27392464876174927,
        "type": "circle"
      }
    ],
    "workspace_bounds": [
      0,
      10,
      0,
      8
    ],
    "robot_base_position": [
      0,
      0
    ],
    "generation_timestamp": null
  },
  "generation_timestamp": "2025-07-14T16:38:09.043317"
}