{
  "env_type": "circles",
  "difficulty": "easy",
  "resolution": 0.05,
  "noise_level": 0.01,
  "workspace_bounds": [
    -1,
    11,
    -1,
    11
  ],
  "clustering_eps": 0.3,
  "min_samples": 5,
  "obstacle_type": "auto",
  "num_points": 808,
  "num_obstacles": 4,
  "seed": 4253,
  "environment_details": {
    "environment_type": "circle_only",
    "config": {
      "num_obstacles": 4,
      "obstacle_size_range": [
        0.25,
        0.45
      ],
      "density_level": "sparse",
      "complexity_level": "simple",
      "spatial_distribution": "center",
      "workspace_utilization": 0.4,
      "min_distance_factor": 1.8
    },
    "num_obstacles": 4,
    "obstacles": [
      {
        "id": 0,
        "position": [
          6.191165924072266,
          4.2438154220581055
        ],
        "radius": 0.45607835054397583,
        "type": "circle"
      },
      {
        "id": 1,
        "position": [
          5.520060062408447,
          3.650919198989868
        ],
        "radius": 0.4262392520904541,
        "type": "circle"
      },
      {
        "id": 2,
        "position": [
          4.50614595413208,
          4.527136325836182
        ],
        "radius": 0.2809148132801056,
        "type": "circle"
      },
      {
        "id": 3,
        "position": [
          6.211940288543701,
          3.1937015056610107
        ],
        "radius": 0.41700634360313416,
        "type": "circle"
      }
    ],
    "workspace_bounds": [
      0,
      10,
      0,
      8
    ],
    "robot_base_position": [
      0,
      0
    ],
    "generation_timestamp": null
  },
  "generation_timestamp": "2025-07-14T16:32:24.239391"
}