{
  "env_type": "circles",
  "difficulty": "easy",
  "resolution": 0.05,
  "noise_level": 0.01,
  "workspace_bounds": [
    -1,
    11,
    -1,
    11
  ],
  "clustering_eps": 0.3,
  "min_samples": 5,
  "obstacle_type": "auto",
  "num_points": 157,
  "num_obstacles": 4,
  "seed": 9990,
  "environment_details": {
    "environment_type": "circle_only",
    "config": {
      "num_obstacles": 4,
      "obstacle_size_range": [
        0.15,
        0.35
      ],
      "density_level": "sparse",
      "complexity_level": "simple",
      "spatial_distribution": "center",
      "workspace_utilization": 0.4,
      "min_distance_factor": 1.8
    },
    "num_obstacles": 4,
    "obstacles": [
      {
        "id": 0,
        "position": [
          5.3273115158081055,
          3.5791077613830566
        ],
        "radius": 0.17454014718532562,
        "type": "circle"
      },
      {
        "id": 1,
        "position": [
          4.334714889526367,
          4.737252712249756
        ],
        "radius": 0.21632063388824463,
        "type": "circle"
      },
      {
        "id": 2,
        "position": [
          4.40957498550415,
          3.792642593383789
        ],
        "radius": 0.14285162091255188,
        "type": "circle"
      },
      {
        "id": 3,
        "position": [
          6.1166791915893555,
          3.5962018966674805
        ],
        "radius": 0.1695135086774826,
        "type": "circle"
      }
    ],
    "workspace_bounds": [
      0,
      10,
      0,
      8
    ],
    "robot_base_position": [
      0,
      0
    ],
    "generation_timestamp": null
  },
  "generation_timestamp": "2025-07-14T16:53:18.550699"
}