{
  "env_type": "circles",
  "difficulty": "random",
  "resolution": 0.05,
  "noise_level": 0.01,
  "workspace_bounds": [
    -1,
    11,
    -1,
    11
  ],
  "clustering_eps": 0.3,
  "min_samples": 5,
  "obstacle_type": "auto",
  "num_points": 1990,
  "num_obstacles": 4,
  "seed": 3526,
  "environment_details": {
    "environment_type": "circle_only",
    "config": {
      "num_obstacles": 4,
      "obstacle_size_range": [
        0.5,
        0.8
      ],
      "density_level": "medium",
      "complexity_level": "medium",
      "spatial_distribution": "arc",
      "workspace_utilization": 0.2818219668607303,
      "min_distance_factor": 1.3068533948713146
    },
    "num_obstacles": 4,
    "obstacles": [
      {
        "id": 0,
        "position": [
          6.468067646026611,
          1.4518687725067139
        ],
        "radius": 0.5648286938667297,
        "type": "circle"
      },
      {
        "id": 1,
        "position": [
          2.78832745552063,
          1.5450389385223389
        ],
        "radius": 0.6853660345077515,
        "type": "circle"
      },
      {
        "id": 2,
        "position": [
          7.780554294586182,
          3.2286269664764404
        ],
        "radius": 0.5192867517471313,
        "type": "circle"
      },
      {
        "id": 3,
        "position": [
          1.8470420837402344,
          1.1713563203811646
        ],
        "radius": 0.7994470000267029,
        "type": "circle"
      }
    ],
    "workspace_bounds": [
      0,
      10,
      0,
      8
    ],
    "robot_base_position": [
      0,
      0
    ],
    "generation_timestamp": null
  },
  "generation_timestamp": "2025-07-14T16:29:46.829636"
}