{
  "env_type": "circles",
  "difficulty": "random",
  "resolution": 0.05,
  "noise_level": 0.01,
  "workspace_bounds": [
    -1,
    11,
    -1,
    11
  ],
  "clustering_eps": 0.3,
  "min_samples": 5,
  "obstacle_type": "auto",
  "num_points": 5526,
  "num_obstacles": 4,
  "seed": 184,
  "environment_details": {
    "environment_type": "circle_only",
    "config": {
      "num_obstacles": 4,
      "obstacle_size_range": [
        0.7,
        1.0
      ],
      "density_level": "medium",
      "complexity_level": "medium",
      "spatial_distribution": "arc",
      "workspace_utilization": 0.38371971835600677,
      "min_distance_factor": 1.4562788808693234
    },
    "num_obstacles": 4,
    "obstacles": [
      {
        "id": 0,
        "position": [
          8.184107780456543,
          4.599364757537842
        ],
        "radius": 1.0681689977645874,
        "type": "circle"
      },
      {
        "id": 1,
        "position": [
          1.0666747093200684,
          4.071701526641846
        ],
        "radius": 0.9142264127731323,
        "type": "circle"
      },
      {
        "id": 2,
        "position": [
          3.847590923309326,
          3.006909132003784
        ],
        "radius": 1.1722241640090942,
        "type": "circle"
      },
      {
        "id": 3,
        "position": [
          2.3277132511138916,
          5.969116687774658
        ],
        "radius": 1.0240391492843628,
        "type": "circle"
      }
    ],
    "workspace_bounds": [
      0,
      10,
      0,
      8
    ],
    "robot_base_position": [
      0,
      0
    ],
    "generation_timestamp": null
  },
  "generation_timestamp": "2025-07-14T16:17:32.745709"
}