{
  "env_type": "circles",
  "difficulty": "random",
  "resolution": 0.05,
  "noise_level": 0.01,
  "workspace_bounds": [
    -1,
    11,
    -1,
    11
  ],
  "clustering_eps": 0.3,
  "min_samples": 5,
  "obstacle_type": "auto",
  "num_points": 4121,
  "num_obstacles": 4,
  "seed": 7349,
  "environment_details": {
    "environment_type": "circle_only",
    "config": {
      "num_obstacles": 4,
      "obstacle_size_range": [
        0.9,
        1.3
      ],
      "density_level": "medium",
      "complexity_level": "medium",
      "spatial_distribution": "arc",
      "workspace_utilization": 0.27132793943686034,
      "min_distance_factor": 0.9503539385245829
    },
    "num_obstacles": 4,
    "obstacles": [
      {
        "id": 0,
        "position": [
          6.866995334625244,
          1.4415689706802368
        ],
        "radius": 0.7529272437095642,
        "type": "circle"
      },
      {
        "id": 1,
        "position": [
          2.7181248664855957,
          2.7344064712524414
        ],
        "radius": 1.2365983724594116,
        "type": "circle"
      },
      {
        "id": 2,
        "position": [
          5.982508182525635,
          5.628335475921631
        ],
        "radius": 0.738409698009491,
        "type": "circle"
      },
      {
        "id": 3,
        "position": [
          3.8705451488494873,
          1.7970829010009766
        ],
        "radius": 0.9345923066139221,
        "type": "circle"
      }
    ],
    "workspace_bounds": [
      0,
      10,
      0,
      8
    ],
    "robot_base_position": [
      0,
      0
    ],
    "generation_timestamp": null
  },
  "generation_timestamp": "2025-07-14T16:43:44.365760"
}