{
  "env_type": "circles",
  "difficulty": "easy",
  "resolution": 0.05,
  "noise_level": 0.01,
  "workspace_bounds": [
    -1,
    11,
    -1,
    11
  ],
  "clustering_eps": 0.3,
  "min_samples": 5,
  "obstacle_type": "auto",
  "num_points": 661,
  "num_obstacles": 4,
  "seed": 3669,
  "environment_details": {
    "environment_type": "circle_only",
    "config": {
      "num_obstacles": 4,
      "obstacle_size_range": [
        0.25,
        0.45
      ],
      "density_level": "sparse",
      "complexity_level": "simple",
      "spatial_distribution": "center",
      "workspace_utilization": 0.4,
      "min_distance_factor": 1.8
    },
    "num_obstacles": 4,
    "obstacles": [
      {
        "id": 0,
        "position": [
          5.703829288482666,
          4.699357986450195
        ],
        "radius": 0.38457635045051575,
        "type": "circle"
      },
      {
        "id": 1,
        "position": [
          4.560444355010986,
          4.229659557342529
        ],
        "radius": 0.38900190591812134,
        "type": "circle"
      },
      {
        "id": 2,
        "position": [
          4.382552623748779,
          3.383922815322876
        ],
        "radius": 0.20348328351974487,
        "type": "circle"
      },
      {
        "id": 3,
        "position": [
          5.091594696044922,
          3.5690858364105225
        ],
        "radius": 0.4293001890182495,
        "type": "circle"
      }
    ],
    "workspace_bounds": [
      0,
      10,
      0,
      8
    ],
    "robot_base_position": [
      0,
      0
    ],
    "generation_timestamp": null
  },
  "generation_timestamp": "2025-07-14T16:30:18.079804"
}