{
  "env_type": "circles",
  "difficulty": "easy",
  "resolution": 0.05,
  "noise_level": 0.01,
  "workspace_bounds": [
    -1,
    11,
    -1,
    11
  ],
  "clustering_eps": 0.3,
  "min_samples": 5,
  "obstacle_type": "auto",
  "num_points": 773,
  "num_obstacles": 4,
  "seed": 1623,
  "environment_details": {
    "environment_type": "circle_only",
    "config": {
      "num_obstacles": 4,
      "obstacle_size_range": [
        0.25,
        0.45
      ],
      "density_level": "sparse",
      "complexity_level": "simple",
      "spatial_distribution": "center",
      "workspace_utilization": 0.4,
      "min_distance_factor": 1.8
    },
    "num_obstacles": 4,
    "obstacles": [
      {
        "id": 0,
        "position": [
          4.241358757019043,
          4.681323528289795
        ],
        "radius": 0.282796174287796,
        "type": "circle"
      },
      {
        "id": 1,
        "position": [
          5.325721740722656,
          4.238118648529053
        ],
        "radius": 0.36601880192756653,
        "type": "circle"
      },
      {
        "id": 2,
        "position": [
          5.863349437713623,
          3.7705650329589844
        ],
        "radius": 0.46788373589515686,
        "type": "circle"
      },
      {
        "id": 3,
        "position": [
          4.376866340637207,
          3.9001545906066895
        ],
        "radius": 0.44567251205444336,
        "type": "circle"
      }
    ],
    "workspace_bounds": [
      0,
      10,
      0,
      8
    ],
    "robot_base_position": [
      0,
      0
    ],
    "generation_timestamp": null
  },
  "generation_timestamp": "2025-07-14T16:22:46.237834"
}