{
  "env_type": "circles",
  "difficulty": "easy",
  "resolution": 0.05,
  "noise_level": 0.01,
  "workspace_bounds": [
    -1,
    11,
    -1,
    11
  ],
  "clustering_eps": 0.3,
  "min_samples": 5,
  "obstacle_type": "auto",
  "num_points": 460,
  "num_obstacles": 4,
  "seed": 4316,
  "environment_details": {
    "environment_type": "circle_only",
    "config": {
      "num_obstacles": 4,
      "obstacle_size_range": [
        0.15,
        0.35
      ],
      "density_level": "sparse",
      "complexity_level": "simple",
      "spatial_distribution": "center",
      "workspace_utilization": 0.4,
      "min_distance_factor": 1.8
    },
    "num_obstacles": 4,
    "obstacles": [
      {
        "id": 0,
        "position": [
          4.63931941986084,
          4.725574493408203
        ],
        "radius": 0.25261497497558594,
        "type": "circle"
      },
      {
        "id": 1,
        "position": [
          4.899085521697998,
          4.150569915771484
        ],
        "radius": 0.36807313561439514,
        "type": "circle"
      },
      {
        "id": 2,
        "position": [
          5.915058612823486,
          3.893292188644409
        ],
        "radius": 0.3039029836654663,
        "type": "circle"
      },
      {
        "id": 3,
        "position": [
          5.381491184234619,
          3.8944332599639893
        ],
        "radius": 0.29048511385917664,
        "type": "circle"
      }
    ],
    "workspace_bounds": [
      0,
      10,
      0,
      8
    ],
    "robot_base_position": [
      0,
      0
    ],
    "generation_timestamp": null
  },
  "generation_timestamp": "2025-07-14T16:32:37.937632"
}