{
  "env_type": "circles",
  "difficulty": "random",
  "resolution": 0.05,
  "noise_level": 0.01,
  "workspace_bounds": [
    -1,
    11,
    -1,
    11
  ],
  "clustering_eps": 0.3,
  "min_samples": 5,
  "obstacle_type": "auto",
  "num_points": 2057,
  "num_obstacles": 4,
  "seed": 379,
  "environment_details": {
    "environment_type": "circle_only",
    "config": {
      "num_obstacles": 4,
      "obstacle_size_range": [
        0.2,
        0.8
      ],
      "density_level": "medium",
      "complexity_level": "complex",
      "spatial_distribution": "line",
      "workspace_utilization": 0.4430779223043606,
      "min_distance_factor": 1.4645078360150225
    },
    "num_obstacles": 4,
    "obstacles": [
      {
        "id": 0,
        "position": [
          7.401306629180908,
          7.456310272216797
        ],
        "radius": 0.11056427657604218,
        "type": "circle"
      },
      {
        "id": 1,
        "position": [
          9.318421363830566,
          5.661945819854736
        ],
        "radius": 0.6297488212585449,
        "type": "circle"
      },
      {
        "id": 2,
        "position": [
          5.137655735015869,
          6.645200729370117
        ],
        "radius": 0.41105368733406067,
        "type": "circle"
      },
      {
        "id": 3,
        "position": [
          9.249220848083496,
          1.2698581218719482
        ],
        "radius": 1.0296921730041504,
        "type": "circle"
      }
    ],
    "workspace_bounds": [
      0,
      10,
      0,
      8
    ],
    "robot_base_position": [
      0,
      0
    ],
    "generation_timestamp": null
  },
  "generation_timestamp": "2025-07-14T16:18:13.720433"
}