{
  "env_type": "circles",
  "difficulty": "easy",
  "resolution": 0.05,
  "noise_level": 0.01,
  "workspace_bounds": [
    -1,
    11,
    -1,
    11
  ],
  "clustering_eps": 0.3,
  "min_samples": 5,
  "obstacle_type": "auto",
  "num_points": 203,
  "num_obstacles": 4,
  "seed": 4750,
  "environment_details": {
    "environment_type": "circle_only",
    "config": {
      "num_obstacles": 4,
      "obstacle_size_range": [
        0.15,
        0.35
      ],
      "density_level": "sparse",
      "complexity_level": "simple",
      "spatial_distribution": "distributed",
      "workspace_utilization": 0.4,
      "min_distance_factor": 1.8
    },
    "num_obstacles": 4,
    "obstacles": [
      {
        "id": 0,
        "position": [
          9.085476875305176,
          0.7862762808799744
        ],
        "radius": 0.2275150865316391,
        "type": "circle"
      },
      {
        "id": 1,
        "position": [
          3.5815131664276123,
          3.710263967514038
        ],
        "radius": 0.17321400344371796,
        "type": "circle"
      },
      {
        "id": 2,
        "position": [
          2.1151223182678223,
          1.7337208986282349
        ],
        "radius": 0.2544248700141907,
        "type": "circle"
      },
      {
        "id": 3,
        "position": [
          1.6570171117782593,
          7.004573345184326
        ],
        "radius": 0.11853909492492676,
        "type": "circle"
      }
    ],
    "workspace_bounds": [
      0,
      10,
      0,
      8
    ],
    "robot_base_position": [
      0,
      0
    ],
    "generation_timestamp": null
  },
  "generation_timestamp": "2025-07-14T16:34:09.556930"
}