{
  "env_type": "circles",
  "difficulty": "easy",
  "resolution": 0.05,
  "noise_level": 0.01,
  "workspace_bounds": [
    -1,
    11,
    -1,
    11
  ],
  "clustering_eps": 0.3,
  "min_samples": 5,
  "obstacle_type": "auto",
  "num_points": 497,
  "num_obstacles": 4,
  "seed": 8922,
  "environment_details": {
    "environment_type": "circle_only",
    "config": {
      "num_obstacles": 4,
      "obstacle_size_range": [
        0.25,
        0.45
      ],
      "density_level": "sparse",
      "complexity_level": "simple",
      "spatial_distribution": "distributed",
      "workspace_utilization": 0.4,
      "min_distance_factor": 1.8
    },
    "num_obstacles": 4,
    "obstacles": [
      {
        "id": 0,
        "position": [
          2.044309139251709,
          3.6796038150787354
        ],
        "radius": 0.38351601362228394,
        "type": "circle"
      },
      {
        "id": 1,
        "position": [
          6.003464698791504,
          1.2339375019073486
        ],
        "radius": 0.19096815586090088,
        "type": "circle"
      },
      {
        "id": 2,
        "position": [
          8.664841651916504,
          4.390413761138916
        ],
        "radius": 0.37113073468208313,
        "type": "circle"
      },
      {
        "id": 3,
        "position": [
          3.8320374488830566,
          1.7661621570587158
        ],
        "radius": 0.2715212404727936,
        "type": "circle"
      }
    ],
    "workspace_bounds": [
      0,
      10,
      0,
      8
    ],
    "robot_base_position": [
      0,
      0
    ],
    "generation_timestamp": null
  },
  "generation_timestamp": "2025-07-14T16:49:37.660682"
}