{
  "env_type": "circles",
  "difficulty": "random",
  "resolution": 0.05,
  "noise_level": 0.01,
  "workspace_bounds": [
    -1,
    11,
    -1,
    11
  ],
  "clustering_eps": 0.3,
  "min_samples": 5,
  "obstacle_type": "auto",
  "num_points": 2659,
  "num_obstacles": 4,
  "seed": 3011,
  "environment_details": {
    "environment_type": "circle_only",
    "config": {
      "num_obstacles": 4,
      "obstacle_size_range": [
        0.4,
        1.2
      ],
      "density_level": "sparse",
      "complexity_level": "simple",
      "spatial_distribution": "edge",
      "workspace_utilization": 0.33689780710559986,
      "min_distance_factor": 2.173656223019307
    },
    "num_obstacles": 4,
    "obstacles": [
      {
        "id": 0,
        "position": [
          9.111678123474121,
          5.551224231719971
        ],
        "radius": 0.6463744640350342,
        "type": "circle"
      },
      {
        "id": 1,
        "position": [
          1.599792242050171,
          6.7338995933532715
        ],
        "radius": 1.1339144706726074,
        "type": "circle"
      },
      {
        "id": 2,
        "position": [
          7.820918083190918,
          4.2340617179870605
        ],
        "radius": 0.48629623651504517,
        "type": "circle"
      },
      {
        "id": 3,
        "position": [
          6.954001426696777,
          1.4457077980041504
        ],
        "radius": 0.41828653216362,
        "type": "circle"
      }
    ],
    "workspace_bounds": [
      0,
      10,
      0,
      8
    ],
    "robot_base_position": [
      0,
      0
    ],
    "generation_timestamp": null
  },
  "generation_timestamp": "2025-07-14T16:27:55.450891"
}