{
  "env_type": "circles",
  "difficulty": "easy",
  "resolution": 0.05,
  "noise_level": 0.01,
  "workspace_bounds": [
    -1,
    11,
    -1,
    11
  ],
  "clustering_eps": 0.3,
  "min_samples": 5,
  "obstacle_type": "auto",
  "num_points": 380,
  "num_obstacles": 4,
  "seed": 1692,
  "environment_details": {
    "environment_type": "circle_only",
    "config": {
      "num_obstacles": 4,
      "obstacle_size_range": [
        0.15,
        0.35
      ],
      "density_level": "sparse",
      "complexity_level": "simple",
      "spatial_distribution": "distributed",
      "workspace_utilization": 0.4,
      "min_distance_factor": 1.8
    },
    "num_obstacles": 4,
    "obstacles": [
      {
        "id": 0,
        "position": [
          1.7604269981384277,
          4.084845066070557
        ],
        "radius": 0.35425037145614624,
        "type": "circle"
      },
      {
        "id": 1,
        "position": [
          1.6145626306533813,
          4.660090923309326
        ],
        "radius": 0.3343520164489746,
        "type": "circle"
      },
      {
        "id": 2,
        "position": [
          2.1468095779418945,
          5.383968353271484
        ],
        "radius": 0.12856027483940125,
        "type": "circle"
      },
      {
        "id": 3,
        "position": [
          3.4674582481384277,
          3.409600257873535
        ],
        "radius": 0.23393455147743225,
        "type": "circle"
      }
    ],
    "workspace_bounds": [
      0,
      10,
      0,
      8
    ],
    "robot_base_position": [
      0,
      0
    ],
    "generation_timestamp": null
  },
  "generation_timestamp": "2025-07-14T16:23:02.071990"
}