{
  "env_type": "circles",
  "difficulty": "random",
  "resolution": 0.05,
  "noise_level": 0.01,
  "workspace_bounds": [
    -1,
    11,
    -1,
    11
  ],
  "clustering_eps": 0.3,
  "min_samples": 5,
  "obstacle_type": "auto",
  "num_points": 1094,
  "num_obstacles": 4,
  "seed": 7286,
  "environment_details": {
    "environment_type": "circle_only",
    "config": {
      "num_obstacles": 4,
      "obstacle_size_range": [
        0.35,
        0.65
      ],
      "density_level": "medium",
      "complexity_level": "complex",
      "spatial_distribution": "clusters",
      "workspace_utilization": 0.2646283380973053,
      "min_distance_factor": 1.257374458070483
    },
    "num_obstacles": 4,
    "obstacles": [
      {
        "id": 0,
        "position": [
          1.809283971786499,
          4.79666805267334
        ],
        "radius": 0.8226844668388367,
        "type": "circle"
      },
      {
        "id": 1,
        "position": [
          2.557817220687866,
          5.753840923309326
        ],
        "radius": 0.32545316219329834,
        "type": "circle"
      },
      {
        "id": 2,
        "position": [
          1.751205563545227,
          3.416358232498169
        ],
        "radius": 0.20399710536003113,
        "type": "circle"
      },
      {
        "id": 3,
        "position": [
          2.6340396404266357,
          2.688826560974121
        ],
        "radius": 0.20022442936897278,
        "type": "circle"
      }
    ],
    "workspace_bounds": [
      0,
      10,
      0,
      8
    ],
    "robot_base_position": [
      0,
      0
    ],
    "generation_timestamp": null
  },
  "generation_timestamp": "2025-07-14T16:43:30.338521"
}