{
  "env_type": "circles",
  "difficulty": "easy",
  "resolution": 0.05,
  "noise_level": 0.01,
  "workspace_bounds": [
    -1,
    11,
    -1,
    11
  ],
  "clustering_eps": 0.3,
  "min_samples": 5,
  "obstacle_type": "auto",
  "num_points": 661,
  "num_obstacles": 4,
  "seed": 2645,
  "environment_details": {
    "environment_type": "circle_only",
    "config": {
      "num_obstacles": 4,
      "obstacle_size_range": [
        0.25,
        0.45
      ],
      "density_level": "sparse",
      "complexity_level": "simple",
      "spatial_distribution": "distributed",
      "workspace_utilization": 0.4,
      "min_distance_factor": 1.8
    },
    "num_obstacles": 4,
    "obstacles": [
      {
        "id": 0,
        "position": [
          4.324222564697266,
          1.9307414293289185
        ],
        "radius": 0.22803933918476105,
        "type": "circle"
      },
      {
        "id": 1,
        "position": [
          1.0593703985214233,
          2.729219436645508
        ],
        "radius": 0.40212756395339966,
        "type": "circle"
      },
      {
        "id": 2,
        "position": [
          8.548521041870117,
          3.8507938385009766
        ],
        "radius": 0.434270977973938,
        "type": "circle"
      },
      {
        "id": 3,
        "position": [
          6.951910495758057,
          0.5207863450050354
        ],
        "radius": 0.3458811342716217,
        "type": "circle"
      }
    ],
    "workspace_bounds": [
      0,
      10,
      0,
      8
    ],
    "robot_base_position": [
      0,
      0
    ],
    "generation_timestamp": null
  },
  "generation_timestamp": "2025-07-14T16:26:34.704813"
}