{
  "env_type": "circles",
  "difficulty": "easy",
  "resolution": 0.05,
  "noise_level": 0.01,
  "workspace_bounds": [
    -1,
    11,
    -1,
    11
  ],
  "clustering_eps": 0.3,
  "min_samples": 5,
  "obstacle_type": "auto",
  "num_points": 285,
  "num_obstacles": 4,
  "seed": 5612,
  "environment_details": {
    "environment_type": "circle_only",
    "config": {
      "num_obstacles": 4,
      "obstacle_size_range": [
        0.15,
        0.35
      ],
      "density_level": "sparse",
      "complexity_level": "simple",
      "spatial_distribution": "center",
      "workspace_utilization": 0.4,
      "min_distance_factor": 1.8
    },
    "num_obstacles": 4,
    "obstacles": [
      {
        "id": 0,
        "position": [
          5.653571128845215,
          3.97774600982666
        ],
        "radius": 0.20738467574119568,
        "type": "circle"
      },
      {
        "id": 1,
        "position": [
          6.015829563140869,
          4.624533176422119
        ],
        "radius": 0.23270170390605927,
        "type": "circle"
      },
      {
        "id": 2,
        "position": [
          5.856978416442871,
          3.422727108001709
        ],
        "radius": 0.3244187533855438,
        "type": "circle"
      },
      {
        "id": 3,
        "position": [
          5.112607002258301,
          3.9674181938171387
        ],
        "radius": 0.15388967096805573,
        "type": "circle"
      }
    ],
    "workspace_bounds": [
      0,
      10,
      0,
      8
    ],
    "robot_base_position": [
      0,
      0
    ],
    "generation_timestamp": null
  },
  "generation_timestamp": "2025-07-14T16:37:21.710183"
}