{
  "env_type": "circles",
  "difficulty": "easy",
  "resolution": 0.05,
  "noise_level": 0.01,
  "workspace_bounds": [
    -1,
    11,
    -1,
    11
  ],
  "clustering_eps": 0.3,
  "min_samples": 5,
  "obstacle_type": "auto",
  "num_points": 709,
  "num_obstacles": 4,
  "seed": 4399,
  "environment_details": {
    "environment_type": "circle_only",
    "config": {
      "num_obstacles": 4,
      "obstacle_size_range": [
        0.25,
        0.45
      ],
      "density_level": "sparse",
      "complexity_level": "simple",
      "spatial_distribution": "center",
      "workspace_utilization": 0.4,
      "min_distance_factor": 1.8
    },
    "num_obstacles": 4,
    "obstacles": [
      {
        "id": 0,
        "position": [
          4.873584747314453,
          3.2861647605895996
        ],
        "radius": 0.30260321497917175,
        "type": "circle"
      },
      {
        "id": 1,
        "position": [
          4.647754192352295,
          4.154189586639404
        ],
        "radius": 0.38287559151649475,
        "type": "circle"
      },
      {
        "id": 2,
        "position": [
          5.137963771820068,
          4.612376689910889
        ],
        "radius": 0.42866483330726624,
        "type": "circle"
      },
      {
        "id": 3,
        "position": [
          5.802387714385986,
          4.4931488037109375
        ],
        "radius": 0.42077508568763733,
        "type": "circle"
      }
    ],
    "workspace_bounds": [
      0,
      10,
      0,
      8
    ],
    "robot_base_position": [
      0,
      0
    ],
    "generation_timestamp": null
  },
  "generation_timestamp": "2025-07-14T16:32:55.819287"
}