{
  "env_type": "circles",
  "difficulty": "random",
  "resolution": 0.05,
  "noise_level": 0.01,
  "workspace_bounds": [
    -1,
    11,
    -1,
    11
  ],
  "clustering_eps": 0.3,
  "min_samples": 5,
  "obstacle_type": "auto",
  "num_points": 2588,
  "num_obstacles": 4,
  "seed": 6212,
  "environment_details": {
    "environment_type": "circle_only",
    "config": {
      "num_obstacles": 4,
      "obstacle_size_range": [
        0.4,
        1.2
      ],
      "density_level": "medium",
      "complexity_level": "simple",
      "spatial_distribution": "center",
      "workspace_utilization": 0.2898505048116493,
      "min_distance_factor": 1.0355460318891263
    },
    "num_obstacles": 4,
    "obstacles": [
      {
        "id": 0,
        "position": [
          5.4817705154418945,
          3.723099708557129
        ],
        "radius": 0.7201271653175354,
        "type": "circle"
      },
      {
        "id": 1,
        "position": [
          4.719850063323975,
          4.5962395668029785
        ],
        "radius": 0.9543242454528809,
        "type": "circle"
      },
      {
        "id": 2,
        "position": [
          5.772853374481201,
          4.543794631958008
        ],
        "radius": 0.6733821034431458,
        "type": "circle"
      },
      {
        "id": 3,
        "position": [
          4.551318168640137,
          3.544973373413086
        ],
        "radius": 1.0118132829666138,
        "type": "circle"
      }
    ],
    "workspace_bounds": [
      0,
      10,
      0,
      8
    ],
    "robot_base_position": [
      0,
      0
    ],
    "generation_timestamp": null
  },
  "generation_timestamp": "2025-07-14T16:39:38.848961"
}