{
  "env_type": "circles",
  "difficulty": "easy",
  "resolution": 0.05,
  "noise_level": 0.01,
  "workspace_bounds": [
    -1,
    11,
    -1,
    11
  ],
  "clustering_eps": 0.3,
  "min_samples": 5,
  "obstacle_type": "auto",
  "num_points": 302,
  "num_obstacles": 4,
  "seed": 7362,
  "environment_details": {
    "environment_type": "circle_only",
    "config": {
      "num_obstacles": 4,
      "obstacle_size_range": [
        0.15,
        0.35
      ],
      "density_level": "sparse",
      "complexity_level": "simple",
      "spatial_distribution": "distributed",
      "workspace_utilization": 0.4,
      "min_distance_factor": 1.8
    },
    "num_obstacles": 4,
    "obstacles": [
      {
        "id": 0,
        "position": [
          6.704848289489746,
          0.7759111523628235
        ],
        "radius": 0.16972553730010986,
        "type": "circle"
      },
      {
        "id": 1,
        "position": [
          1.9219142198562622,
          4.311241626739502
        ],
        "radius": 0.29530060291290283,
        "type": "circle"
      },
      {
        "id": 2,
        "position": [
          2.456502676010132,
          1.145906925201416
        ],
        "radius": 0.19752925634384155,
        "type": "circle"
      },
      {
        "id": 3,
        "position": [
          8.586408615112305,
          1.1120424270629883
        ],
        "radius": 0.2911962568759918,
        "type": "circle"
      }
    ],
    "workspace_bounds": [
      0,
      10,
      0,
      8
    ],
    "robot_base_position": [
      0,
      0
    ],
    "generation_timestamp": null
  },
  "generation_timestamp": "2025-07-14T16:43:46.725320"
}