{
  "env_type": "circles",
  "difficulty": "random",
  "resolution": 0.05,
  "noise_level": 0.01,
  "workspace_bounds": [
    -1,
    11,
    -1,
    11
  ],
  "clustering_eps": 0.3,
  "min_samples": 5,
  "obstacle_type": "auto",
  "num_points": 280,
  "num_obstacles": 4,
  "seed": 6210,
  "environment_details": {
    "environment_type": "circle_only",
    "config": {
      "num_obstacles": 4,
      "obstacle_size_range": [
        0.1,
        0.5
      ],
      "density_level": "sparse",
      "complexity_level": "complex",
      "spatial_distribution": "line",
      "workspace_utilization": 0.44647762269824665,
      "min_distance_factor": 2.252228492104793
    },
    "num_obstacles": 4,
    "obstacles": [
      {
        "id": 0,
        "position": [
          1.994258165359497,
          3.2301185131073
        ],
        "radius": 0.17332711815834045,
        "type": "circle"
      },
      {
        "id": 1,
        "position": [
          1.673762321472168,
          6.623283863067627
        ],
        "radius": 0.39544957876205444,
        "type": "circle"
      },
      {
        "id": 2,
        "position": [
          4.045399188995361,
          1.938307762145996
        ],
        "radius": 0.15148384869098663,
        "type": "circle"
      },
      {
        "id": 3,
        "position": [
          5.829754829406738,
          2.4809603691101074
        ],
        "radius": 0.08670234680175781,
        "type": "circle"
      }
    ],
    "workspace_bounds": [
      0,
      10,
      0,
      8
    ],
    "robot_base_position": [
      0,
      0
    ],
    "generation_timestamp": null
  },
  "generation_timestamp": "2025-07-14T16:39:38.469580"
}