{
  "env_type": "circles",
  "difficulty": "easy",
  "resolution": 0.05,
  "noise_level": 0.01,
  "workspace_bounds": [
    -1,
    11,
    -1,
    11
  ],
  "clustering_eps": 0.3,
  "min_samples": 5,
  "obstacle_type": "auto",
  "num_points": 849,
  "num_obstacles": 4,
  "seed": 4906,
  "environment_details": {
    "environment_type": "circle_only",
    "config": {
      "num_obstacles": 4,
      "obstacle_size_range": [
        0.25,
        0.45
      ],
      "density_level": "sparse",
      "complexity_level": "simple",
      "spatial_distribution": "center",
      "workspace_utilization": 0.4,
      "min_distance_factor": 1.8
    },
    "num_obstacles": 4,
    "obstacles": [
      {
        "id": 0,
        "position": [
          5.386523723602295,
          4.21598482131958
        ],
        "radius": 0.49237334728240967,
        "type": "circle"
      },
      {
        "id": 1,
        "position": [
          4.774961471557617,
          3.2294695377349854
        ],
        "radius": 0.4584275782108307,
        "type": "circle"
      },
      {
        "id": 2,
        "position": [
          4.242900371551514,
          3.92447829246521
        ],
        "radius": 0.34605222940444946,
        "type": "circle"
      },
      {
        "id": 3,
        "position": [
          5.798879146575928,
          3.3211722373962402
        ],
        "radius": 0.31837740540504456,
        "type": "circle"
      }
    ],
    "workspace_bounds": [
      0,
      10,
      0,
      8
    ],
    "robot_base_position": [
      0,
      0
    ],
    "generation_timestamp": null
  },
  "generation_timestamp": "2025-07-14T16:34:44.975203"
}