{
  "env_type": "circles",
  "difficulty": "easy",
  "resolution": 0.05,
  "noise_level": 0.01,
  "workspace_bounds": [
    -1,
    11,
    -1,
    11
  ],
  "clustering_eps": 0.3,
  "min_samples": 5,
  "obstacle_type": "auto",
  "num_points": 623,
  "num_obstacles": 4,
  "seed": 3387,
  "environment_details": {
    "environment_type": "circle_only",
    "config": {
      "num_obstacles": 4,
      "obstacle_size_range": [
        0.25,
        0.45
      ],
      "density_level": "sparse",
      "complexity_level": "simple",
      "spatial_distribution": "center",
      "workspace_utilization": 0.4,
      "min_distance_factor": 1.8
    },
    "num_obstacles": 4,
    "obstacles": [
      {
        "id": 0,
        "position": [
          5.9318623542785645,
          3.9057400226593018
        ],
        "radius": 0.44462841749191284,
        "type": "circle"
      },
      {
        "id": 1,
        "position": [
          5.045740127563477,
          4.061429500579834
        ],
        "radius": 0.2719712555408478,
        "type": "circle"
      },
      {
        "id": 2,
        "position": [
          5.183536529541016,
          3.2284295558929443
        ],
        "radius": 0.2635888457298279,
        "type": "circle"
      },
      {
        "id": 3,
        "position": [
          4.416628360748291,
          3.4512925148010254
        ],
        "radius": 0.396215558052063,
        "type": "circle"
      }
    ],
    "workspace_bounds": [
      0,
      10,
      0,
      8
    ],
    "robot_base_position": [
      0,
      0
    ],
    "generation_timestamp": null
  },
  "generation_timestamp": "2025-07-14T16:29:19.625675"
}