{
  "env_type": "circles",
  "difficulty": "random",
  "resolution": 0.05,
  "noise_level": 0.01,
  "workspace_bounds": [
    -1,
    11,
    -1,
    11
  ],
  "clustering_eps": 0.3,
  "min_samples": 5,
  "obstacle_type": "auto",
  "num_points": 4057,
  "num_obstacles": 4,
  "seed": 3146,
  "environment_details": {
    "environment_type": "circle_only",
    "config": {
      "num_obstacles": 4,
      "obstacle_size_range": [
        0.7,
        1.0
      ],
      "density_level": "dense",
      "complexity_level": "complex",
      "spatial_distribution": "line",
      "workspace_utilization": 0.2868605572607153,
      "min_distance_factor": 0.8683453921847772
    },
    "num_obstacles": 4,
    "obstacles": [
      {
        "id": 0,
        "position": [
          9.261706352233887,
          2.7295262813568115
        ],
        "radius": 0.7240957617759705,
        "type": "circle"
      },
      {
        "id": 1,
        "position": [
          4.725999355316162,
          4.826715469360352
        ],
        "radius": 0.8103004693984985,
        "type": "circle"
      },
      {
        "id": 2,
        "position": [
          2.896993637084961,
          1.2870326042175293
        ],
        "radius": 0.42918381094932556,
        "type": "circle"
      },
      {
        "id": 3,
        "position": [
          6.266723155975342,
          1.1610785722732544
        ],
        "radius": 1.366023063659668,
        "type": "circle"
      }
    ],
    "workspace_bounds": [
      0,
      10,
      0,
      8
    ],
    "robot_base_position": [
      0,
      0
    ],
    "generation_timestamp": null
  },
  "generation_timestamp": "2025-07-14T16:28:27.437323"
}