{
  "env_type": "circles",
  "difficulty": "easy",
  "resolution": 0.05,
  "noise_level": 0.01,
  "workspace_bounds": [
    -1,
    11,
    -1,
    11
  ],
  "clustering_eps": 0.3,
  "min_samples": 5,
  "obstacle_type": "auto",
  "num_points": 612,
  "num_obstacles": 4,
  "seed": 2051,
  "environment_details": {
    "environment_type": "circle_only",
    "config": {
      "num_obstacles": 4,
      "obstacle_size_range": [
        0.25,
        0.45
      ],
      "density_level": "sparse",
      "complexity_level": "simple",
      "spatial_distribution": "distributed",
      "workspace_utilization": 0.4,
      "min_distance_factor": 1.8
    },
    "num_obstacles": 4,
    "obstacles": [
      {
        "id": 0,
        "position": [
          8.947781562805176,
          1.3716822862625122
        ],
        "radius": 0.36457109451293945,
        "type": "circle"
      },
      {
        "id": 1,
        "position": [
          5.5112457275390625,
          6.654784202575684
        ],
        "radius": 0.3233022093772888,
        "type": "circle"
      },
      {
        "id": 2,
        "position": [
          7.0859527587890625,
          7.248353958129883
        ],
        "radius": 0.23669162392616272,
        "type": "circle"
      },
      {
        "id": 3,
        "position": [
          9.14848804473877,
          6.955427169799805
        ],
        "radius": 0.44698137044906616,
        "type": "circle"
      }
    ],
    "workspace_bounds": [
      0,
      10,
      0,
      8
    ],
    "robot_base_position": [
      0,
      0
    ],
    "generation_timestamp": null
  },
  "generation_timestamp": "2025-07-14T16:24:24.291222"
}