{
  "env_type": "circles",
  "difficulty": "easy",
  "resolution": 0.05,
  "noise_level": 0.01,
  "workspace_bounds": [
    -1,
    11,
    -1,
    11
  ],
  "clustering_eps": 0.3,
  "min_samples": 5,
  "obstacle_type": "auto",
  "num_points": 455,
  "num_obstacles": 4,
  "seed": 6674,
  "environment_details": {
    "environment_type": "circle_only",
    "config": {
      "num_obstacles": 4,
      "obstacle_size_range": [
        0.15,
        0.35
      ],
      "density_level": "sparse",
      "complexity_level": "simple",
      "spatial_distribution": "center",
      "workspace_utilization": 0.4,
      "min_distance_factor": 1.8
    },
    "num_obstacles": 4,
    "obstacles": [
      {
        "id": 0,
        "position": [
          4.841541767120361,
          3.5857865810394287
        ],
        "radius": 0.3944069743156433,
        "type": "circle"
      },
      {
        "id": 1,
        "position": [
          5.808283805847168,
          4.561359405517578
        ],
        "radius": 0.3401208221912384,
        "type": "circle"
      },
      {
        "id": 2,
        "position": [
          4.410560607910156,
          3.9245388507843018
        ],
        "radius": 0.23558004200458527,
        "type": "circle"
      },
      {
        "id": 3,
        "position": [
          5.651151180267334,
          4.116996765136719
        ],
        "radius": 0.2146642506122589,
        "type": "circle"
      }
    ],
    "workspace_bounds": [
      0,
      10,
      0,
      8
    ],
    "robot_base_position": [
      0,
      0
    ],
    "generation_timestamp": null
  },
  "generation_timestamp": "2025-07-14T16:41:20.653010"
}