{
  "env_type": "circles",
  "difficulty": "easy",
  "resolution": 0.05,
  "noise_level": 0.01,
  "workspace_bounds": [
    -1,
    11,
    -1,
    11
  ],
  "clustering_eps": 0.3,
  "min_samples": 5,
  "obstacle_type": "auto",
  "num_points": 623,
  "num_obstacles": 4,
  "seed": 6115,
  "environment_details": {
    "environment_type": "circle_only",
    "config": {
      "num_obstacles": 4,
      "obstacle_size_range": [
        0.25,
        0.45
      ],
      "density_level": "sparse",
      "complexity_level": "simple",
      "spatial_distribution": "distributed",
      "workspace_utilization": 0.4,
      "min_distance_factor": 1.8
    },
    "num_obstacles": 4,
    "obstacles": [
      {
        "id": 0,
        "position": [
          6.440084457397461,
          3.0249176025390625
        ],
        "radius": 0.30020907521247864,
        "type": "circle"
      },
      {
        "id": 1,
        "position": [
          9.454336166381836,
          1.6253528594970703
        ],
        "radius": 0.32909244298934937,
        "type": "circle"
      },
      {
        "id": 2,
        "position": [
          7.576590061187744,
          6.005996227264404
        ],
        "radius": 0.23593106865882874,
        "type": "circle"
      },
      {
        "id": 3,
        "position": [
          3.8641178607940674,
          3.6416409015655518
        ],
        "radius": 0.4881695806980133,
        "type": "circle"
      }
    ],
    "workspace_bounds": [
      0,
      10,
      0,
      8
    ],
    "robot_base_position": [
      0,
      0
    ],
    "generation_timestamp": null
  },
  "generation_timestamp": "2025-07-14T16:39:17.857868"
}