{
  "env_type": "circles",
  "difficulty": "easy",
  "resolution": 0.05,
  "noise_level": 0.01,
  "workspace_bounds": [
    -1,
    11,
    -1,
    11
  ],
  "clustering_eps": 0.3,
  "min_samples": 5,
  "obstacle_type": "auto",
  "num_points": 455,
  "num_obstacles": 4,
  "seed": 1685,
  "environment_details": {
    "environment_type": "circle_only",
    "config": {
      "num_obstacles": 4,
      "obstacle_size_range": [
        0.25,
        0.45
      ],
      "density_level": "sparse",
      "complexity_level": "simple",
      "spatial_distribution": "distributed",
      "workspace_utilization": 0.4,
      "min_distance_factor": 1.8
    },
    "num_obstacles": 4,
    "obstacles": [
      {
        "id": 0,
        "position": [
          6.169277667999268,
          6.107612133026123
        ],
        "radius": 0.33338701725006104,
        "type": "circle"
      },
      {
        "id": 1,
        "position": [
          4.1643266677856445,
          3.328329563140869
        ],
        "radius": 0.3447944223880768,
        "type": "circle"
      },
      {
        "id": 2,
        "position": [
          5.820927143096924,
          6.7299418449401855
        ],
        "radius": 0.22725768387317657,
        "type": "circle"
      },
      {
        "id": 3,
        "position": [
          7.6501641273498535,
          2.931757926940918
        ],
        "radius": 0.2831575870513916,
        "type": "circle"
      }
    ],
    "workspace_bounds": [
      0,
      10,
      0,
      8
    ],
    "robot_base_position": [
      0,
      0
    ],
    "generation_timestamp": null
  },
  "generation_timestamp": "2025-07-14T16:23:00.298945"
}