{
  "env_type": "circles",
  "difficulty": "random",
  "resolution": 0.05,
  "noise_level": 0.01,
  "workspace_bounds": [
    -1,
    11,
    -1,
    11
  ],
  "clustering_eps": 0.3,
  "min_samples": 5,
  "obstacle_type": "auto",
  "num_points": 5740,
  "num_obstacles": 4,
  "seed": 9477,
  "environment_details": {
    "environment_type": "circle_only",
    "config": {
      "num_obstacles": 4,
      "obstacle_size_range": [
        0.9,
        1.3
      ],
      "density_level": "medium",
      "complexity_level": "complex",
      "spatial_distribution": "center",
      "workspace_utilization": 0.38213276756619474,
      "min_distance_factor": 0.9914664842807398
    },
    "num_obstacles": 4,
    "obstacles": [
      {
        "id": 0,
        "position": [
          4.321715354919434,
          3.522770643234253
        ],
        "radius": 1.5510015487670898,
        "type": "circle"
      },
      {
        "id": 1,
        "position": [
          5.273497581481934,
          4.3643035888671875
        ],
        "radius": 0.6755921244621277,
        "type": "circle"
      },
      {
        "id": 2,
        "position": [
          6.058497905731201,
          3.4513943195343018
        ],
        "radius": 1.2074172496795654,
        "type": "circle"
      },
      {
        "id": 3,
        "position": [
          5.056602954864502,
          5.545031547546387
        ],
        "radius": 1.1785664558410645,
        "type": "circle"
      }
    ],
    "workspace_bounds": [
      0,
      10,
      0,
      8
    ],
    "robot_base_position": [
      0,
      0
    ],
    "generation_timestamp": null
  },
  "generation_timestamp": "2025-07-14T16:51:34.759447"
}