{
  "env_type": "circles",
  "difficulty": "easy",
  "resolution": 0.05,
  "noise_level": 0.01,
  "workspace_bounds": [
    -1,
    11,
    -1,
    11
  ],
  "clustering_eps": 0.3,
  "min_samples": 5,
  "obstacle_type": "auto",
  "num_points": 206,
  "num_obstacles": 4,
  "seed": 8228,
  "environment_details": {
    "environment_type": "circle_only",
    "config": {
      "num_obstacles": 4,
      "obstacle_size_range": [
        0.15,
        0.35
      ],
      "density_level": "sparse",
      "complexity_level": "simple",
      "spatial_distribution": "center",
      "workspace_utilization": 0.4,
      "min_distance_factor": 1.8
    },
    "num_obstacles": 4,
    "obstacles": [
      {
        "id": 0,
        "position": [
          5.442654132843018,
          4.370497703552246
        ],
        "radius": 0.15089179575443268,
        "type": "circle"
      },
      {
        "id": 1,
        "position": [
          5.038158893585205,
          4.033447742462158
        ],
        "radius": 0.18618911504745483,
        "type": "circle"
      },
      {
        "id": 2,
        "position": [
          4.5202813148498535,
          3.1778831481933594
        ],
        "radius": 0.2879824936389923,
        "type": "circle"
      },
      {
        "id": 3,
        "position": [
          5.662492752075195,
          4.812512397766113
        ],
        "radius": 0.14737065136432648,
        "type": "circle"
      }
    ],
    "workspace_bounds": [
      0,
      10,
      0,
      8
    ],
    "robot_base_position": [
      0,
      0
    ],
    "generation_timestamp": null
  },
  "generation_timestamp": "2025-07-14T16:47:04.798777"
}