{
  "env_type": "circles",
  "difficulty": "easy",
  "resolution": 0.05,
  "noise_level": 0.01,
  "workspace_bounds": [
    -1,
    11,
    -1,
    11
  ],
  "clustering_eps": 0.3,
  "min_samples": 5,
  "obstacle_type": "auto",
  "num_points": 339,
  "num_obstacles": 4,
  "seed": 9224,
  "environment_details": {
    "environment_type": "circle_only",
    "config": {
      "num_obstacles": 4,
      "obstacle_size_range": [
        0.15,
        0.35
      ],
      "density_level": "sparse",
      "complexity_level": "simple",
      "spatial_distribution": "center",
      "workspace_utilization": 0.4,
      "min_distance_factor": 1.8
    },
    "num_obstacles": 4,
    "obstacles": [
      {
        "id": 0,
        "position": [
          5.554085731506348,
          3.6641016006469727
        ],
        "radius": 0.21789006888866425,
        "type": "circle"
      },
      {
        "id": 1,
        "position": [
          4.305243015289307,
          4.003808975219727
        ],
        "radius": 0.18488997220993042,
        "type": "circle"
      },
      {
        "id": 2,
        "position": [
          5.686502456665039,
          4.666863918304443
        ],
        "radius": 0.27474626898765564,
        "type": "circle"
      },
      {
        "id": 3,
        "position": [
          4.510582447052002,
          3.554412603378296
        ],
        "radius": 0.33800098299980164,
        "type": "circle"
      }
    ],
    "workspace_bounds": [
      0,
      10,
      0,
      8
    ],
    "robot_base_position": [
      0,
      0
    ],
    "generation_timestamp": null
  },
  "generation_timestamp": "2025-07-14T16:50:43.510447"
}