{
  "env_type": "circles",
  "difficulty": "easy",
  "resolution": 0.05,
  "noise_level": 0.01,
  "workspace_bounds": [
    -1,
    11,
    -1,
    11
  ],
  "clustering_eps": 0.3,
  "min_samples": 5,
  "obstacle_type": "auto",
  "num_points": 480,
  "num_obstacles": 4,
  "seed": 1197,
  "environment_details": {
    "environment_type": "circle_only",
    "config": {
      "num_obstacles": 4,
      "obstacle_size_range": [
        0.25,
        0.45
      ],
      "density_level": "sparse",
      "complexity_level": "simple",
      "spatial_distribution": "center",
      "workspace_utilization": 0.4,
      "min_distance_factor": 1.8
    },
    "num_obstacles": 4,
    "obstacles": [
      {
        "id": 0,
        "position": [
          6.205262660980225,
          4.271369457244873
        ],
        "radius": 0.28134340047836304,
        "type": "circle"
      },
      {
        "id": 1,
        "position": [
          4.314966678619385,
          3.7540366649627686
        ],
        "radius": 0.3101959824562073,
        "type": "circle"
      },
      {
        "id": 2,
        "position": [
          4.947462558746338,
          4.230362415313721
        ],
        "radius": 0.3161852955818176,
        "type": "circle"
      },
      {
        "id": 3,
        "position": [
          5.9958977699279785,
          3.181197166442871
        ],
        "radius": 0.3235812485218048,
        "type": "circle"
      }
    ],
    "workspace_bounds": [
      0,
      10,
      0,
      8
    ],
    "robot_base_position": [
      0,
      0
    ],
    "generation_timestamp": null
  },
  "generation_timestamp": "2025-07-14T16:21:15.413972"
}