{
  "env_type": "circles",
  "difficulty": "easy",
  "resolution": 0.05,
  "noise_level": 0.01,
  "workspace_bounds": [
    -1,
    11,
    -1,
    11
  ],
  "clustering_eps": 0.3,
  "min_samples": 5,
  "obstacle_type": "auto",
  "num_points": 759,
  "num_obstacles": 4,
  "seed": 1327,
  "environment_details": {
    "environment_type": "circle_only",
    "config": {
      "num_obstacles": 4,
      "obstacle_size_range": [
        0.25,
        0.45
      ],
      "density_level": "sparse",
      "complexity_level": "simple",
      "spatial_distribution": "center",
      "workspace_utilization": 0.4,
      "min_distance_factor": 1.8
    },
    "num_obstacles": 4,
    "obstacles": [
      {
        "id": 0,
        "position": [
          4.858120441436768,
          3.3159191608428955
        ],
        "radius": 0.4327295124530792,
        "type": "circle"
      },
      {
        "id": 1,
        "position": [
          5.1154093742370605,
          4.0742011070251465
        ],
        "radius": 0.5321754217147827,
        "type": "circle"
      },
      {
        "id": 2,
        "position": [
          6.20725679397583,
          4.593413352966309
        ],
        "radius": 0.29414626955986023,
        "type": "circle"
      },
      {
        "id": 3,
        "position": [
          6.056094646453857,
          3.733353853225708
        ],
        "radius": 0.2581309974193573,
        "type": "circle"
      }
    ],
    "workspace_bounds": [
      0,
      10,
      0,
      8
    ],
    "robot_base_position": [
      0,
      0
    ],
    "generation_timestamp": null
  },
  "generation_timestamp": "2025-07-14T16:21:41.974847"
}