{
  "env_type": "circles",
  "difficulty": "easy",
  "resolution": 0.05,
  "noise_level": 0.01,
  "workspace_bounds": [
    -1,
    11,
    -1,
    11
  ],
  "clustering_eps": 0.3,
  "min_samples": 5,
  "obstacle_type": "auto",
  "num_points": 740,
  "num_obstacles": 4,
  "seed": 8243,
  "environment_details": {
    "environment_type": "circle_only",
    "config": {
      "num_obstacles": 4,
      "obstacle_size_range": [
        0.25,
        0.45
      ],
      "density_level": "sparse",
      "complexity_level": "simple",
      "spatial_distribution": "center",
      "workspace_utilization": 0.4,
      "min_distance_factor": 1.8
    },
    "num_obstacles": 4,
    "obstacles": [
      {
        "id": 0,
        "position": [
          5.015542030334473,
          3.5302436351776123
        ],
        "radius": 0.4256809651851654,
        "type": "circle"
      },
      {
        "id": 1,
        "position": [
          5.422438621520996,
          4.507902145385742
        ],
        "radius": 0.38968685269355774,
        "type": "circle"
      },
      {
        "id": 2,
        "position": [
          6.12078857421875,
          3.929439067840576
        ],
        "radius": 0.3971210718154907,
        "type": "circle"
      },
      {
        "id": 3,
        "position": [
          4.6114654541015625,
          4.042027473449707
        ],
        "radius": 0.31430092453956604,
        "type": "circle"
      }
    ],
    "workspace_bounds": [
      0,
      10,
      0,
      8
    ],
    "robot_base_position": [
      0,
      0
    ],
    "generation_timestamp": null
  },
  "generation_timestamp": "2025-07-14T16:47:07.874116"
}