{
  "env_type": "circles",
  "difficulty": "easy",
  "resolution": 0.05,
  "noise_level": 0.01,
  "workspace_bounds": [
    -1,
    11,
    -1,
    11
  ],
  "clustering_eps": 0.3,
  "min_samples": 5,
  "obstacle_type": "auto",
  "num_points": 561,
  "num_obstacles": 4,
  "seed": 4274,
  "environment_details": {
    "environment_type": "circle_only",
    "config": {
      "num_obstacles": 4,
      "obstacle_size_range": [
        0.25,
        0.45
      ],
      "density_level": "sparse",
      "complexity_level": "simple",
      "spatial_distribution": "distributed",
      "workspace_utilization": 0.4,
      "min_distance_factor": 1.8
    },
    "num_obstacles": 4,
    "obstacles": [
      {
        "id": 0,
        "position": [
          5.232807636260986,
          6.078548908233643
        ],
        "radius": 0.2793305516242981,
        "type": "circle"
      },
      {
        "id": 1,
        "position": [
          2.7525904178619385,
          3.8593363761901855
        ],
        "radius": 0.35030725598335266,
        "type": "circle"
      },
      {
        "id": 2,
        "position": [
          1.7226670980453491,
          1.4618276357650757
        ],
        "radius": 0.3694639503955841,
        "type": "circle"
      },
      {
        "id": 3,
        "position": [
          1.0522730350494385,
          4.649234771728516
        ],
        "radius": 0.33553260564804077,
        "type": "circle"
      }
    ],
    "workspace_bounds": [
      0,
      10,
      0,
      8
    ],
    "robot_base_position": [
      0,
      0
    ],
    "generation_timestamp": null
  },
  "generation_timestamp": "2025-07-14T16:32:29.186052"
}