{
  "env_type": "circles",
  "difficulty": "random",
  "resolution": 0.05,
  "noise_level": 0.01,
  "workspace_bounds": [
    -1,
    11,
    -1,
    11
  ],
  "clustering_eps": 0.3,
  "min_samples": 5,
  "obstacle_type": "auto",
  "num_points": 8871,
  "num_obstacles": 4,
  "seed": 6456,
  "environment_details": {
    "environment_type": "circle_only",
    "config": {
      "num_obstacles": 4,
      "obstacle_size_range": [
        0.9,
        1.3
      ],
      "density_level": "sparse",
      "complexity_level": "medium",
      "spatial_distribution": "distributed",
      "workspace_utilization": 0.3533728573274691,
      "min_distance_factor": 2.1493136587163004
    },
    "num_obstacles": 4,
    "obstacles": [
      {
        "id": 0,
        "position": [
          7.162611961364746,
          1.3734421730041504
        ],
        "radius": 1.6313602924346924,
        "type": "circle"
      },
      {
        "id": 1,
        "position": [
          4.980647563934326,
          3.721768856048584
        ],
        "radius": 1.7818716764450073,
        "type": "circle"
      },
      {
        "id": 2,
        "position": [
          6.373370170593262,
          5.794504642486572
        ],
        "radius": 0.5699399709701538,
        "type": "circle"
      },
      {
        "id": 3,
        "position": [
          1.7925224304199219,
          2.1012182235717773
        ],
        "radius": 0.9758266806602478,
        "type": "circle"
      }
    ],
    "workspace_bounds": [
      0,
      10,
      0,
      8
    ],
    "robot_base_position": [
      0,
      0
    ],
    "generation_timestamp": null
  },
  "generation_timestamp": "2025-07-14T16:40:31.879476"
}