{
  "env_type": "circles",
  "difficulty": "easy",
  "resolution": 0.05,
  "noise_level": 0.01,
  "workspace_bounds": [
    -1,
    11,
    -1,
    11
  ],
  "clustering_eps": 0.3,
  "min_samples": 5,
  "obstacle_type": "auto",
  "num_points": 287,
  "num_obstacles": 4,
  "seed": 4275,
  "environment_details": {
    "environment_type": "circle_only",
    "config": {
      "num_obstacles": 4,
      "obstacle_size_range": [
        0.15,
        0.35
      ],
      "density_level": "sparse",
      "complexity_level": "simple",
      "spatial_distribution": "distributed",
      "workspace_utilization": 0.4,
      "min_distance_factor": 1.8
    },
    "num_obstacles": 4,
    "obstacles": [
      {
        "id": 0,
        "position": [
          4.025229454040527,
          3.115936279296875
        ],
        "radius": 0.16251330077648163,
        "type": "circle"
      },
      {
        "id": 1,
        "position": [
          5.818400859832764,
          3.3878955841064453
        ],
        "radius": 0.29339131712913513,
        "type": "circle"
      },
      {
        "id": 2,
        "position": [
          1.433866024017334,
          2.6072590351104736
        ],
        "radius": 0.29924091696739197,
        "type": "circle"
      },
      {
        "id": 3,
        "position": [
          9.192058563232422,
          2.4231133460998535
        ],
        "radius": 0.16201849281787872,
        "type": "circle"
      }
    ],
    "workspace_bounds": [
      0,
      10,
      0,
      8
    ],
    "robot_base_position": [
      0,
      0
    ],
    "generation_timestamp": null
  },
  "generation_timestamp": "2025-07-14T16:32:29.420262"
}