{
  "env_type": "circles",
  "difficulty": "easy",
  "resolution": 0.05,
  "noise_level": 0.01,
  "workspace_bounds": [
    -1,
    11,
    -1,
    11
  ],
  "clustering_eps": 0.3,
  "min_samples": 5,
  "obstacle_type": "auto",
  "num_points": 752,
  "num_obstacles": 4,
  "seed": 6579,
  "environment_details": {
    "environment_type": "circle_only",
    "config": {
      "num_obstacles": 4,
      "obstacle_size_range": [
        0.25,
        0.45
      ],
      "density_level": "sparse",
      "complexity_level": "simple",
      "spatial_distribution": "center",
      "workspace_utilization": 0.4,
      "min_distance_factor": 1.8
    },
    "num_obstacles": 4,
    "obstacles": [
      {
        "id": 0,
        "position": [
          4.826827526092529,
          4.060357570648193
        ],
        "radius": 0.46509790420532227,
        "type": "circle"
      },
      {
        "id": 1,
        "position": [
          5.708581924438477,
          3.800729513168335
        ],
        "radius": 0.4294895827770233,
        "type": "circle"
      },
      {
        "id": 2,
        "position": [
          6.094906330108643,
          3.2967031002044678
        ],
        "radius": 0.3746221661567688,
        "type": "circle"
      },
      {
        "id": 3,
        "position": [
          4.253704071044922,
          3.470431327819824
        ],
        "radius": 0.27871155738830566,
        "type": "circle"
      }
    ],
    "workspace_bounds": [
      0,
      10,
      0,
      8
    ],
    "robot_base_position": [
      0,
      0
    ],
    "generation_timestamp": null
  },
  "generation_timestamp": "2025-07-14T16:41:00.289081"
}