{
  "env_type": "circles",
  "difficulty": "easy",
  "resolution": 0.05,
  "noise_level": 0.01,
  "workspace_bounds": [
    -1,
    11,
    -1,
    11
  ],
  "clustering_eps": 0.3,
  "min_samples": 5,
  "obstacle_type": "auto",
  "num_points": 945,
  "num_obstacles": 4,
  "seed": 515,
  "environment_details": {
    "environment_type": "circle_only",
    "config": {
      "num_obstacles": 4,
      "obstacle_size_range": [
        0.25,
        0.45
      ],
      "density_level": "sparse",
      "complexity_level": "simple",
      "spatial_distribution": "distributed",
      "workspace_utilization": 0.4,
      "min_distance_factor": 1.8
    },
    "num_obstacles": 4,
    "obstacles": [
      {
        "id": 0,
        "position": [
          8.173101425170898,
          0.8187258243560791
        ],
        "radius": 0.42503485083580017,
        "type": "circle"
      },
      {
        "id": 1,
        "position": [
          2.4224588871002197,
          2.1554291248321533
        ],
        "radius": 0.35364586114883423,
        "type": "circle"
      },
      {
        "id": 2,
        "position": [
          3.813863754272461,
          3.8113934993743896
        ],
        "radius": 0.44646188616752625,
        "type": "circle"
      },
      {
        "id": 3,
        "position": [
          6.765221118927002,
          4.948583126068115
        ],
        "radius": 0.49926453828811646,
        "type": "circle"
      }
    ],
    "workspace_bounds": [
      0,
      10,
      0,
      8
    ],
    "robot_base_position": [
      0,
      0
    ],
    "generation_timestamp": null
  },
  "generation_timestamp": "2025-07-14T16:18:43.008925"
}