{
  "env_type": "circles",
  "difficulty": "easy",
  "resolution": 0.05,
  "noise_level": 0.01,
  "workspace_bounds": [
    -1,
    11,
    -1,
    11
  ],
  "clustering_eps": 0.3,
  "min_samples": 5,
  "obstacle_type": "auto",
  "num_points": 319,
  "num_obstacles": 4,
  "seed": 5312,
  "environment_details": {
    "environment_type": "circle_only",
    "config": {
      "num_obstacles": 4,
      "obstacle_size_range": [
        0.15,
        0.35
      ],
      "density_level": "sparse",
      "complexity_level": "simple",
      "spatial_distribution": "center",
      "workspace_utilization": 0.4,
      "min_distance_factor": 1.8
    },
    "num_obstacles": 4,
    "obstacles": [
      {
        "id": 0,
        "position": [
          5.256654262542725,
          4.623298645019531
        ],
        "radius": 0.21744243800640106,
        "type": "circle"
      },
      {
        "id": 1,
        "position": [
          5.508719444274902,
          3.304243803024292
        ],
        "radius": 0.30481019616127014,
        "type": "circle"
      },
      {
        "id": 2,
        "position": [
          6.0636515617370605,
          4.786379337310791
        ],
        "radius": 0.21218910813331604,
        "type": "circle"
      },
      {
        "id": 3,
        "position": [
          4.342421054840088,
          4.651390552520752
        ],
        "radius": 0.2633012533187866,
        "type": "circle"
      }
    ],
    "workspace_bounds": [
      0,
      10,
      0,
      8
    ],
    "robot_base_position": [
      0,
      0
    ],
    "generation_timestamp": null
  },
  "generation_timestamp": "2025-07-14T16:36:13.854071"
}