{
  "env_type": "circles",
  "difficulty": "random",
  "resolution": 0.05,
  "noise_level": 0.01,
  "workspace_bounds": [
    -1,
    11,
    -1,
    11
  ],
  "clustering_eps": 0.3,
  "min_samples": 5,
  "obstacle_type": "auto",
  "num_points": 966,
  "num_obstacles": 4,
  "seed": 3347,
  "environment_details": {
    "environment_type": "circle_only",
    "config": {
      "num_obstacles": 4,
      "obstacle_size_range": [
        0.2,
        0.8
      ],
      "density_level": "medium",
      "complexity_level": "medium",
      "spatial_distribution": "edge",
      "workspace_utilization": 0.38642429940872136,
      "min_distance_factor": 1.0124176595417045
    },
    "num_obstacles": 4,
    "obstacles": [
      {
        "id": 0,
        "position": [
          6.082738399505615,
          1.3481268882751465
        ],
        "radius": 0.4904700815677643,
        "type": "circle"
      },
      {
        "id": 1,
        "position": [
          8.160762786865234,
          4.416162967681885
        ],
        "radius": 0.274986207485199,
        "type": "circle"
      },
      {
        "id": 2,
        "position": [
          9.418063163757324,
          2.775477647781372
        ],
        "radius": 0.4071904420852661,
        "type": "circle"
      },
      {
        "id": 3,
        "position": [
          3.005056142807007,
          0.9257027506828308
        ],
        "radius": 0.5329471826553345,
        "type": "circle"
      }
    ],
    "workspace_bounds": [
      0,
      10,
      0,
      8
    ],
    "robot_base_position": [
      0,
      0
    ],
    "generation_timestamp": null
  },
  "generation_timestamp": "2025-07-14T16:29:11.139876"
}