{
  "env_type": "circles",
  "difficulty": "random",
  "resolution": 0.05,
  "noise_level": 0.01,
  "workspace_bounds": [
    -1,
    11,
    -1,
    11
  ],
  "clustering_eps": 0.3,
  "min_samples": 5,
  "obstacle_type": "auto",
  "num_points": 2706,
  "num_obstacles": 4,
  "seed": 3607,
  "environment_details": {
    "environment_type": "circle_only",
    "config": {
      "num_obstacles": 4,
      "obstacle_size_range": [
        0.2,
        0.8
      ],
      "density_level": "dense",
      "complexity_level": "medium",
      "spatial_distribution": "arc",
      "workspace_utilization": 0.4530256177413561,
      "min_distance_factor": 0.6830728749458914
    },
    "num_obstacles": 4,
    "obstacles": [
      {
        "id": 0,
        "position": [
          3.95407772064209,
          5.471435070037842
        ],
        "radius": 0.2126992791891098,
        "type": "circle"
      },
      {
        "id": 1,
        "position": [
          2.7432303428649902,
          7.143611907958984
        ],
        "radius": 0.9880131483078003,
        "type": "circle"
      },
      {
        "id": 2,
        "position": [
          6.274807453155518,
          1.26776921749115
        ],
        "radius": 0.158270925283432,
        "type": "circle"
      },
      {
        "id": 3,
        "position": [
          8.204936027526855,
          3.889204502105713
        ],
        "radius": 1.0549449920654297,
        "type": "circle"
      }
    ],
    "workspace_bounds": [
      0,
      10,
      0,
      8
    ],
    "robot_base_position": [
      0,
      0
    ],
    "generation_timestamp": null
  },
  "generation_timestamp": "2025-07-14T16:30:04.743873"
}