{
  "env_type": "circles",
  "difficulty": "easy",
  "resolution": 0.05,
  "noise_level": 0.01,
  "workspace_bounds": [
    -1,
    11,
    -1,
    11
  ],
  "clustering_eps": 0.3,
  "min_samples": 5,
  "obstacle_type": "auto",
  "num_points": 479,
  "num_obstacles": 4,
  "seed": 7712,
  "environment_details": {
    "environment_type": "circle_only",
    "config": {
      "num_obstacles": 4,
      "obstacle_size_range": [
        0.15,
        0.35
      ],
      "density_level": "sparse",
      "complexity_level": "simple",
      "spatial_distribution": "center",
      "workspace_utilization": 0.4,
      "min_distance_factor": 1.8
    },
    "num_obstacles": 4,
    "obstacles": [
      {
        "id": 0,
        "position": [
          4.943534851074219,
          3.330770254135132
        ],
        "radius": 0.2960290312767029,
        "type": "circle"
      },
      {
        "id": 1,
        "position": [
          6.217833995819092,
          3.9825878143310547
        ],
        "radius": 0.40778690576553345,
        "type": "circle"
      },
      {
        "id": 2,
        "position": [
          5.817108154296875,
          3.6770753860473633
        ],
        "radius": 0.2885119915008545,
        "type": "circle"
      },
      {
        "id": 3,
        "position": [
          4.735302448272705,
          4.462588787078857
        ],
        "radius": 0.24820560216903687,
        "type": "circle"
      }
    ],
    "workspace_bounds": [
      0,
      10,
      0,
      8
    ],
    "robot_base_position": [
      0,
      0
    ],
    "generation_timestamp": null
  },
  "generation_timestamp": "2025-07-14T16:45:06.097915"
}