{
  "env_type": "circles",
  "difficulty": "random",
  "resolution": 0.05,
  "noise_level": 0.01,
  "workspace_bounds": [
    -1,
    11,
    -1,
    11
  ],
  "clustering_eps": 0.3,
  "min_samples": 5,
  "obstacle_type": "auto",
  "num_points": 248,
  "num_obstacles": 4,
  "seed": 7382,
  "environment_details": {
    "environment_type": "circle_only",
    "config": {
      "num_obstacles": 4,
      "obstacle_size_range": [
        0.15,
        0.35
      ],
      "density_level": "medium",
      "complexity_level": "simple",
      "spatial_distribution": "line",
      "workspace_utilization": 0.4345505315782182,
      "min_distance_factor": 1.3560303927847468
    },
    "num_obstacles": 4,
    "obstacles": [
      {
        "id": 0,
        "position": [
          5.340930461883545,
          3.7241783142089844
        ],
        "radius": 0.23865234851837158,
        "type": "circle"
      },
      {
        "id": 1,
        "position": [
          5.0091094970703125,
          6.2566094398498535
        ],
        "radius": 0.15826791524887085,
        "type": "circle"
      },
      {
        "id": 2,
        "position": [
          7.52086067199707,
          4.5588226318359375
        ],
        "radius": 0.14730559289455414,
        "type": "circle"
      },
      {
        "id": 3,
        "position": [
          8.322284698486328,
          7.040090084075928
        ],
        "radius": 0.30185508728027344,
        "type": "circle"
      }
    ],
    "workspace_bounds": [
      0,
      10,
      0,
      8
    ],
    "robot_base_position": [
      0,
      0
    ],
    "generation_timestamp": null
  },
  "generation_timestamp": "2025-07-14T16:43:51.077754"
}