{
  "env_type": "circles",
  "difficulty": "easy",
  "resolution": 0.05,
  "noise_level": 0.01,
  "workspace_bounds": [
    -1,
    11,
    -1,
    11
  ],
  "clustering_eps": 0.3,
  "min_samples": 5,
  "obstacle_type": "auto",
  "num_points": 331,
  "num_obstacles": 4,
  "seed": 4222,
  "environment_details": {
    "environment_type": "circle_only",
    "config": {
      "num_obstacles": 4,
      "obstacle_size_range": [
        0.15,
        0.35
      ],
      "density_level": "sparse",
      "complexity_level": "simple",
      "spatial_distribution": "center",
      "workspace_utilization": 0.4,
      "min_distance_factor": 1.8
    },
    "num_obstacles": 4,
    "obstacles": [
      {
        "id": 0,
        "position": [
          4.594414234161377,
          3.9027621746063232
        ],
        "radius": 0.25894346833229065,
        "type": "circle"
      },
      {
        "id": 1,
        "position": [
          5.220242977142334,
          3.9613006114959717
        ],
        "radius": 0.2089962363243103,
        "type": "circle"
      },
      {
        "id": 2,
        "position": [
          4.474216461181641,
          4.476089954376221
        ],
        "radius": 0.3509542942047119,
        "type": "circle"
      },
      {
        "id": 3,
        "position": [
          6.1442461013793945,
          4.071784496307373
        ],
        "radius": 0.1652253419160843,
        "type": "circle"
      }
    ],
    "workspace_bounds": [
      0,
      10,
      0,
      8
    ],
    "robot_base_position": [
      0,
      0
    ],
    "generation_timestamp": null
  },
  "generation_timestamp": "2025-07-14T16:32:17.586438"
}