{
  "env_type": "circles",
  "difficulty": "easy",
  "resolution": 0.05,
  "noise_level": 0.01,
  "workspace_bounds": [
    -1,
    11,
    -1,
    11
  ],
  "clustering_eps": 0.3,
  "min_samples": 5,
  "obstacle_type": "auto",
  "num_points": 500,
  "num_obstacles": 4,
  "seed": 9547,
  "environment_details": {
    "environment_type": "circle_only",
    "config": {
      "num_obstacles": 4,
      "obstacle_size_range": [
        0.25,
        0.45
      ],
      "density_level": "sparse",
      "complexity_level": "simple",
      "spatial_distribution": "center",
      "workspace_utilization": 0.4,
      "min_distance_factor": 1.8
    },
    "num_obstacles": 4,
    "obstacles": [
      {
        "id": 0,
        "position": [
          4.3834099769592285,
          3.3603320121765137
        ],
        "radius": 0.35833242535591125,
        "type": "circle"
      },
      {
        "id": 1,
        "position": [
          5.2372541427612305,
          4.794154644012451
        ],
        "radius": 0.2311883419752121,
        "type": "circle"
      },
      {
        "id": 2,
        "position": [
          4.433297634124756,
          4.762655258178711
        ],
        "radius": 0.3082786202430725,
        "type": "circle"
      },
      {
        "id": 3,
        "position": [
          5.987453460693359,
          4.110987663269043
        ],
        "radius": 0.3544151782989502,
        "type": "circle"
      }
    ],
    "workspace_bounds": [
      0,
      10,
      0,
      8
    ],
    "robot_base_position": [
      0,
      0
    ],
    "generation_timestamp": null
  },
  "generation_timestamp": "2025-07-14T16:51:49.132918"
}