{
  "env_type": "circles",
  "difficulty": "easy",
  "resolution": 0.05,
  "noise_level": 0.01,
  "workspace_bounds": [
    -1,
    11,
    -1,
    11
  ],
  "clustering_eps": 0.3,
  "min_samples": 5,
  "obstacle_type": "auto",
  "num_points": 539,
  "num_obstacles": 4,
  "seed": 468,
  "environment_details": {
    "environment_type": "circle_only",
    "config": {
      "num_obstacles": 4,
      "obstacle_size_range": [
        0.25,
        0.45
      ],
      "density_level": "sparse",
      "complexity_level": "simple",
      "spatial_distribution": "center",
      "workspace_utilization": 0.4,
      "min_distance_factor": 1.8
    },
    "num_obstacles": 4,
    "obstacles": [
      {
        "id": 0,
        "position": [
          5.997473239898682,
          3.870703935623169
        ],
        "radius": 0.26735106110572815,
        "type": "circle"
      },
      {
        "id": 1,
        "position": [
          5.680181503295898,
          4.435032844543457
        ],
        "radius": 0.3240169882774353,
        "type": "circle"
      },
      {
        "id": 2,
        "position": [
          4.459242820739746,
          4.639891624450684
        ],
        "radius": 0.45021530985832214,
        "type": "circle"
      },
      {
        "id": 3,
        "position": [
          4.632009029388428,
          3.2564597129821777
        ],
        "radius": 0.22419151663780212,
        "type": "circle"
      }
    ],
    "workspace_bounds": [
      0,
      10,
      0,
      8
    ],
    "robot_base_position": [
      0,
      0
    ],
    "generation_timestamp": null
  },
  "generation_timestamp": "2025-07-14T16:18:32.970321"
}