{
  "env_type": "circles",
  "difficulty": "random",
  "resolution": 0.05,
  "noise_level": 0.01,
  "workspace_bounds": [
    -1,
    11,
    -1,
    11
  ],
  "clustering_eps": 0.3,
  "min_samples": 5,
  "obstacle_type": "auto",
  "num_points": 364,
  "num_obstacles": 4,
  "seed": 5887,
  "environment_details": {
    "environment_type": "circle_only",
    "config": {
      "num_obstacles": 4,
      "obstacle_size_range": [
        0.15,
        0.35
      ],
      "density_level": "dense",
      "complexity_level": "medium",
      "spatial_distribution": "arc",
      "workspace_utilization": 0.42898563367181175,
      "min_distance_factor": 0.3397764478979699
    },
    "num_obstacles": 4,
    "obstacles": [
      {
        "id": 0,
        "position": [
          6.457254409790039,
          1.3786492347717285
        ],
        "radius": 0.14407271146774292,
        "type": "circle"
      },
      {
        "id": 1,
        "position": [
          3.2061595916748047,
          1.9456812143325806
        ],
        "radius": 0.2965245842933655,
        "type": "circle"
      },
      {
        "id": 2,
        "position": [
          6.726400852203369,
          5.368933200836182
        ],
        "radius": 0.14775720238685608,
        "type": "circle"
      },
      {
        "id": 3,
        "position": [
          6.232298851013184,
          6.605520725250244
        ],
        "radius": 0.40003395080566406,
        "type": "circle"
      }
    ],
    "workspace_bounds": [
      0,
      10,
      0,
      8
    ],
    "robot_base_position": [
      0,
      0
    ],
    "generation_timestamp": null
  },
  "generation_timestamp": "2025-07-14T16:38:26.945826"
}