{
  "env_type": "circles",
  "difficulty": "easy",
  "resolution": 0.05,
  "noise_level": 0.01,
  "workspace_bounds": [
    -1,
    11,
    -1,
    11
  ],
  "clustering_eps": 0.3,
  "min_samples": 5,
  "obstacle_type": "auto",
  "num_points": 467,
  "num_obstacles": 4,
  "seed": 3733,
  "environment_details": {
    "environment_type": "circle_only",
    "config": {
      "num_obstacles": 4,
      "obstacle_size_range": [
        0.15,
        0.35
      ],
      "density_level": "sparse",
      "complexity_level": "simple",
      "spatial_distribution": "center",
      "workspace_utilization": 0.4,
      "min_distance_factor": 1.8
    },
    "num_obstacles": 4,
    "obstacles": [
      {
        "id": 0,
        "position": [
          4.563601493835449,
          3.567715883255005
        ],
        "radius": 0.21475858986377716,
        "type": "circle"
      },
      {
        "id": 1,
        "position": [
          5.161121368408203,
          4.4894490242004395
        ],
        "radius": 0.35957810282707214,
        "type": "circle"
      },
      {
        "id": 2,
        "position": [
          5.667591571807861,
          3.947544813156128
        ],
        "radius": 0.2792162597179413,
        "type": "circle"
      },
      {
        "id": 3,
        "position": [
          6.102400302886963,
          3.7608628273010254
        ],
        "radius": 0.36620795726776123,
        "type": "circle"
      }
    ],
    "workspace_bounds": [
      0,
      10,
      0,
      8
    ],
    "robot_base_position": [
      0,
      0
    ],
    "generation_timestamp": null
  },
  "generation_timestamp": "2025-07-14T16:30:31.764591"
}