{
  "env_type": "circles",
  "difficulty": "easy",
  "resolution": 0.05,
  "noise_level": 0.01,
  "workspace_bounds": [
    -1,
    11,
    -1,
    11
  ],
  "clustering_eps": 0.3,
  "min_samples": 5,
  "obstacle_type": "auto",
  "num_points": 249,
  "num_obstacles": 4,
  "seed": 9055,
  "environment_details": {
    "environment_type": "circle_only",
    "config": {
      "num_obstacles": 4,
      "obstacle_size_range": [
        0.15,
        0.35
      ],
      "density_level": "sparse",
      "complexity_level": "simple",
      "spatial_distribution": "center",
      "workspace_utilization": 0.4,
      "min_distance_factor": 1.8
    },
    "num_obstacles": 4,
    "obstacles": [
      {
        "id": 0,
        "position": [
          5.877739906311035,
          3.8175289630889893
        ],
        "radius": 0.18754729628562927,
        "type": "circle"
      },
      {
        "id": 1,
        "position": [
          4.842649936676025,
          4.231863498687744
        ],
        "radius": 0.3124490976333618,
        "type": "circle"
      },
      {
        "id": 2,
        "position": [
          4.485776424407959,
          3.835700035095215
        ],
        "radius": 0.1865192949771881,
        "type": "circle"
      },
      {
        "id": 3,
        "position": [
          4.6164164543151855,
          3.371432065963745
        ],
        "radius": 0.16853885352611542,
        "type": "circle"
      }
    ],
    "workspace_bounds": [
      0,
      10,
      0,
      8
    ],
    "robot_base_position": [
      0,
      0
    ],
    "generation_timestamp": null
  },
  "generation_timestamp": "2025-07-14T16:50:07.240345"
}