{
  "env_type": "circles",
  "difficulty": "easy",
  "resolution": 0.05,
  "noise_level": 0.01,
  "workspace_bounds": [
    -1,
    11,
    -1,
    11
  ],
  "clustering_eps": 0.3,
  "min_samples": 5,
  "obstacle_type": "auto",
  "num_points": 409,
  "num_obstacles": 4,
  "seed": 3337,
  "environment_details": {
    "environment_type": "circle_only",
    "config": {
      "num_obstacles": 4,
      "obstacle_size_range": [
        0.15,
        0.35
      ],
      "density_level": "sparse",
      "complexity_level": "simple",
      "spatial_distribution": "center",
      "workspace_utilization": 0.4,
      "min_distance_factor": 1.8
    },
    "num_obstacles": 4,
    "obstacles": [
      {
        "id": 0,
        "position": [
          4.985442638397217,
          4.495818138122559
        ],
        "radius": 0.39572352170944214,
        "type": "circle"
      },
      {
        "id": 1,
        "position": [
          6.009488582611084,
          3.7254045009613037
        ],
        "radius": 0.23513278365135193,
        "type": "circle"
      },
      {
        "id": 2,
        "position": [
          5.637859344482422,
          3.299614429473877
        ],
        "radius": 0.2796388566493988,
        "type": "circle"
      },
      {
        "id": 3,
        "position": [
          5.3632354736328125,
          3.7316219806671143
        ],
        "radius": 0.19118492305278778,
        "type": "circle"
      }
    ],
    "workspace_bounds": [
      0,
      10,
      0,
      8
    ],
    "robot_base_position": [
      0,
      0
    ],
    "generation_timestamp": null
  },
  "generation_timestamp": "2025-07-14T16:29:08.620951"
}