{
  "env_type": "circles",
  "difficulty": "random",
  "resolution": 0.05,
  "noise_level": 0.01,
  "workspace_bounds": [
    -1,
    11,
    -1,
    11
  ],
  "clustering_eps": 0.3,
  "min_samples": 5,
  "obstacle_type": "auto",
  "num_points": 9275,
  "num_obstacles": 4,
  "seed": 4607,
  "environment_details": {
    "environment_type": "circle_only",
    "config": {
      "num_obstacles": 4,
      "obstacle_size_range": [
        0.9,
        1.3
      ],
      "density_level": "medium",
      "complexity_level": "complex",
      "spatial_distribution": "center",
      "workspace_utilization": 0.2754349481728854,
      "min_distance_factor": 1.1804778786466896
    },
    "num_obstacles": 4,
    "obstacles": [
      {
        "id": 0,
        "position": [
          5.27090311050415,
          3.8473331928253174
        ],
        "radius": 1.934761881828308,
        "type": "circle"
      },
      {
        "id": 1,
        "position": [
          7.984206676483154,
          6.371337413787842
        ],
        "radius": 1.3862953186035156,
        "type": "circle"
      },
      {
        "id": 2,
        "position": [
          7.064109802246094,
          3.431779384613037
        ],
        "radius": 0.906426191329956,
        "type": "circle"
      },
      {
        "id": 3,
        "position": [
          4.557441234588623,
          5.347247123718262
        ],
        "radius": 1.6322649717330933,
        "type": "circle"
      }
    ],
    "workspace_bounds": [
      0,
      10,
      0,
      8
    ],
    "robot_base_position": [
      0,
      0
    ],
    "generation_timestamp": null
  },
  "generation_timestamp": "2025-07-14T16:33:39.378108"
}