{
  "env_type": "circles",
  "difficulty": "easy",
  "resolution": 0.05,
  "noise_level": 0.01,
  "workspace_bounds": [
    -1,
    11,
    -1,
    11
  ],
  "clustering_eps": 0.3,
  "min_samples": 5,
  "obstacle_type": "auto",
  "num_points": 540,
  "num_obstacles": 4,
  "seed": 3199,
  "environment_details": {
    "environment_type": "circle_only",
    "config": {
      "num_obstacles": 4,
      "obstacle_size_range": [
        0.25,
        0.45
      ],
      "density_level": "sparse",
      "complexity_level": "simple",
      "spatial_distribution": "center",
      "workspace_utilization": 0.4,
      "min_distance_factor": 1.8
    },
    "num_obstacles": 4,
    "obstacles": [
      {
        "id": 0,
        "position": [
          4.617655277252197,
          4.566679000854492
        ],
        "radius": 0.32963794469833374,
        "type": "circle"
      },
      {
        "id": 1,
        "position": [
          5.40130615234375,
          3.798773765563965
        ],
        "radius": 0.38818949460983276,
        "type": "circle"
      },
      {
        "id": 2,
        "position": [
          5.4426679611206055,
          4.6775970458984375
        ],
        "radius": 0.3252001404762268,
        "type": "circle"
      },
      {
        "id": 3,
        "position": [
          6.168214797973633,
          3.6169652938842773
        ],
        "radius": 0.26427796483039856,
        "type": "circle"
      }
    ],
    "workspace_bounds": [
      0,
      10,
      0,
      8
    ],
    "robot_base_position": [
      0,
      0
    ],
    "generation_timestamp": null
  },
  "generation_timestamp": "2025-07-14T16:28:39.713477"
}