{
  "env_type": "circles",
  "difficulty": "random",
  "resolution": 0.05,
  "noise_level": 0.01,
  "workspace_bounds": [
    -1,
    11,
    -1,
    11
  ],
  "clustering_eps": 0.3,
  "min_samples": 5,
  "obstacle_type": "auto",
  "num_points": 4448,
  "num_obstacles": 4,
  "seed": 6842,
  "environment_details": {
    "environment_type": "circle_only",
    "config": {
      "num_obstacles": 4,
      "obstacle_size_range": [
        0.7,
        1.0
      ],
      "density_level": "sparse",
      "complexity_level": "medium",
      "spatial_distribution": "clusters",
      "workspace_utilization": 0.3085692065510152,
      "min_distance_factor": 1.955726514374274
    },
    "num_obstacles": 4,
    "obstacles": [
      {
        "id": 0,
        "position": [
          4.674615383148193,
          4.909672737121582
        ],
        "radius": 0.6266286373138428,
        "type": "circle"
      },
      {
        "id": 1,
        "position": [
          6.164658069610596,
          3.493441104888916
        ],
        "radius": 1.1425702571868896,
        "type": "circle"
      },
      {
        "id": 2,
        "position": [
          6.532779216766357,
          6.168763637542725
        ],
        "radius": 1.1781903505325317,
        "type": "circle"
      },
      {
        "id": 3,
        "position": [
          9.209585189819336,
          3.6802220344543457
        ],
        "radius": 0.6746171712875366,
        "type": "circle"
      }
    ],
    "workspace_bounds": [
      0,
      10,
      0,
      8
    ],
    "robot_base_position": [
      0,
      0
    ],
    "generation_timestamp": null
  },
  "generation_timestamp": "2025-07-14T16:41:54.638134"
}