{
  "env_type": "circles",
  "difficulty": "random",
  "resolution": 0.05,
  "noise_level": 0.01,
  "workspace_bounds": [
    -1,
    11,
    -1,
    11
  ],
  "clustering_eps": 0.3,
  "min_samples": 5,
  "obstacle_type": "auto",
  "num_points": 1983,
  "num_obstacles": 4,
  "seed": 3763,
  "environment_details": {
    "environment_type": "circle_only",
    "config": {
      "num_obstacles": 4,
      "obstacle_size_range": [
        0.1,
        1.0
      ],
      "density_level": "dense",
      "complexity_level": "simple",
      "spatial_distribution": "line",
      "workspace_utilization": 0.3562362074705762,
      "min_distance_factor": 0.581856151651777
    },
    "num_obstacles": 4,
    "obstacles": [
      {
        "id": 0,
        "position": [
          6.069018363952637,
          2.943464994430542
        ],
        "radius": 0.6639617085456848,
        "type": "circle"
      },
      {
        "id": 1,
        "position": [
          8.001774787902832,
          1.3552515506744385
        ],
        "radius": 0.21390347182750702,
        "type": "circle"
      },
      {
        "id": 2,
        "position": [
          5.4106221199035645,
          2.213975191116333
        ],
        "radius": 0.30647799372673035,
        "type": "circle"
      },
      {
        "id": 3,
        "position": [
          6.821532726287842,
          4.423957347869873
        ],
        "radius": 0.9964013695716858,
        "type": "circle"
      }
    ],
    "workspace_bounds": [
      0,
      10,
      0,
      8
    ],
    "robot_base_position": [
      0,
      0
    ],
    "generation_timestamp": null
  },
  "generation_timestamp": "2025-07-14T16:30:38.759104"
}