{
  "env_type": "circles",
  "difficulty": "easy",
  "resolution": 0.05,
  "noise_level": 0.01,
  "workspace_bounds": [
    -1,
    11,
    -1,
    11
  ],
  "clustering_eps": 0.3,
  "min_samples": 5,
  "obstacle_type": "auto",
  "num_points": 731,
  "num_obstacles": 4,
  "seed": 6845,
  "environment_details": {
    "environment_type": "circle_only",
    "config": {
      "num_obstacles": 4,
      "obstacle_size_range": [
        0.25,
        0.45
      ],
      "density_level": "sparse",
      "complexity_level": "simple",
      "spatial_distribution": "center",
      "workspace_utilization": 0.4,
      "min_distance_factor": 1.8
    },
    "num_obstacles": 4,
    "obstacles": [
      {
        "id": 0,
        "position": [
          4.639074325561523,
          4.734729290008545
        ],
        "radius": 0.30504488945007324,
        "type": "circle"
      },
      {
        "id": 1,
        "position": [
          5.407220363616943,
          3.782457113265991
        ],
        "radius": 0.41282930970191956,
        "type": "circle"
      },
      {
        "id": 2,
        "position": [
          4.513668060302734,
          3.9622411727905273
        ],
        "radius": 0.5169498324394226,
        "type": "circle"
      },
      {
        "id": 3,
        "position": [
          5.31707239151001,
          4.816215515136719
        ],
        "radius": 0.23424027860164642,
        "type": "circle"
      }
    ],
    "workspace_bounds": [
      0,
      10,
      0,
      8
    ],
    "robot_base_position": [
      0,
      0
    ],
    "generation_timestamp": null
  },
  "generation_timestamp": "2025-07-14T16:41:55.048004"
}