{
  "env_type": "circles",
  "difficulty": "easy",
  "resolution": 0.05,
  "noise_level": 0.01,
  "workspace_bounds": [
    -1,
    11,
    -1,
    11
  ],
  "clustering_eps": 0.3,
  "min_samples": 5,
  "obstacle_type": "auto",
  "num_points": 389,
  "num_obstacles": 4,
  "seed": 3840,
  "environment_details": {
    "environment_type": "circle_only",
    "config": {
      "num_obstacles": 4,
      "obstacle_size_range": [
        0.15,
        0.35
      ],
      "density_level": "sparse",
      "complexity_level": "simple",
      "spatial_distribution": "distributed",
      "workspace_utilization": 0.4,
      "min_distance_factor": 1.8
    },
    "num_obstacles": 4,
    "obstacles": [
      {
        "id": 0,
        "position": [
          2.181511640548706,
          3.181626558303833
        ],
        "radius": 0.24755606055259705,
        "type": "circle"
      },
      {
        "id": 1,
        "position": [
          6.265199184417725,
          0.7815737128257751
        ],
        "radius": 0.27352726459503174,
        "type": "circle"
      },
      {
        "id": 2,
        "position": [
          5.357905864715576,
          2.7825124263763428
        ],
        "radius": 0.3180050253868103,
        "type": "circle"
      },
      {
        "id": 3,
        "position": [
          2.955554723739624,
          1.7858054637908936
        ],
        "radius": 0.2687171995639801,
        "type": "circle"
      }
    ],
    "workspace_bounds": [
      0,
      10,
      0,
      8
    ],
    "robot_base_position": [
      0,
      0
    ],
    "generation_timestamp": null
  },
  "generation_timestamp": "2025-07-14T16:30:54.375635"
}