{
  "env_type": "circles",
  "difficulty": "easy",
  "resolution": 0.05,
  "noise_level": 0.01,
  "workspace_bounds": [
    -1,
    11,
    -1,
    11
  ],
  "clustering_eps": 0.3,
  "min_samples": 5,
  "obstacle_type": "auto",
  "num_points": 329,
  "num_obstacles": 4,
  "seed": 8573,
  "environment_details": {
    "environment_type": "circle_only",
    "config": {
      "num_obstacles": 4,
      "obstacle_size_range": [
        0.15,
        0.35
      ],
      "density_level": "sparse",
      "complexity_level": "simple",
      "spatial_distribution": "distributed",
      "workspace_utilization": 0.4,
      "min_distance_factor": 1.8
    },
    "num_obstacles": 4,
    "obstacles": [
      {
        "id": 0,
        "position": [
          7.425198554992676,
          0.6694349050521851
        ],
        "radius": 0.1800205558538437,
        "type": "circle"
      },
      {
        "id": 1,
        "position": [
          5.4424052238464355,
          3.3913495540618896
        ],
        "radius": 0.17450380325317383,
        "type": "circle"
      },
      {
        "id": 2,
        "position": [
          3.8087708950042725,
          3.1587071418762207
        ],
        "radius": 0.3555491268634796,
        "type": "circle"
      },
      {
        "id": 3,
        "position": [
          4.976926326751709,
          4.326165199279785
        ],
        "radius": 0.27561575174331665,
        "type": "circle"
      }
    ],
    "workspace_bounds": [
      0,
      10,
      0,
      8
    ],
    "robot_base_position": [
      0,
      0
    ],
    "generation_timestamp": null
  },
  "generation_timestamp": "2025-07-14T16:48:19.819888"
}