{
  "env_type": "circles",
  "difficulty": "easy",
  "resolution": 0.05,
  "noise_level": 0.01,
  "workspace_bounds": [
    -1,
    11,
    -1,
    11
  ],
  "clustering_eps": 0.3,
  "min_samples": 5,
  "obstacle_type": "auto",
  "num_points": 556,
  "num_obstacles": 4,
  "seed": 5114,
  "environment_details": {
    "environment_type": "circle_only",
    "config": {
      "num_obstacles": 4,
      "obstacle_size_range": [
        0.25,
        0.45
      ],
      "density_level": "sparse",
      "complexity_level": "simple",
      "spatial_distribution": "center",
      "workspace_utilization": 0.4,
      "min_distance_factor": 1.8
    },
    "num_obstacles": 4,
    "obstacles": [
      {
        "id": 0,
        "position": [
          4.33694314956665,
          4.829555511474609
        ],
        "radius": 0.2058994621038437,
        "type": "circle"
      },
      {
        "id": 1,
        "position": [
          6.083028316497803,
          4.223838806152344
        ],
        "radius": 0.41277602314949036,
        "type": "circle"
      },
      {
        "id": 2,
        "position": [
          4.8701066970825195,
          4.037400722503662
        ],
        "radius": 0.37340065836906433,
        "type": "circle"
      },
      {
        "id": 3,
        "position": [
          5.002158164978027,
          4.7411274909973145
        ],
        "radius": 0.30345335602760315,
        "type": "circle"
      }
    ],
    "workspace_bounds": [
      0,
      10,
      0,
      8
    ],
    "robot_base_position": [
      0,
      0
    ],
    "generation_timestamp": null
  },
  "generation_timestamp": "2025-07-14T16:35:30.267168"
}