{
  "env_type": "circles",
  "difficulty": "random",
  "resolution": 0.05,
  "noise_level": 0.01,
  "workspace_bounds": [
    -1,
    11,
    -1,
    11
  ],
  "clustering_eps": 0.3,
  "min_samples": 5,
  "obstacle_type": "auto",
  "num_points": 955,
  "num_obstacles": 4,
  "seed": 5177,
  "environment_details": {
    "environment_type": "circle_only",
    "config": {
      "num_obstacles": 4,
      "obstacle_size_range": [
        0.1,
        0.5
      ],
      "density_level": "sparse",
      "complexity_level": "medium",
      "spatial_distribution": "distributed",
      "workspace_utilization": 0.3184249452206248,
      "min_distance_factor": 1.8010288996125208
    },
    "num_obstacles": 4,
    "obstacles": [
      {
        "id": 0,
        "position": [
          4.312186241149902,
          5.905395030975342
        ],
        "radius": 0.6733746528625488,
        "type": "circle"
      },
      {
        "id": 1,
        "position": [
          8.805562019348145,
          2.76094126701355
        ],
        "radius": 0.32112354040145874,
        "type": "circle"
      },
      {
        "id": 2,
        "position": [
          5.946756362915039,
          7.017027378082275
        ],
        "radius": 0.3052067458629608,
        "type": "circle"
      },
      {
        "id": 3,
        "position": [
          2.2696316242218018,
          6.432573318481445
        ],
        "radius": 0.3267916440963745,
        "type": "circle"
      }
    ],
    "workspace_bounds": [
      0,
      10,
      0,
      8
    ],
    "robot_base_position": [
      0,
      0
    ],
    "generation_timestamp": null
  },
  "generation_timestamp": "2025-07-14T16:35:43.360216"
}