{
  "env_type": "circles",
  "difficulty": "random",
  "resolution": 0.05,
  "noise_level": 0.01,
  "workspace_bounds": [
    -1,
    11,
    -1,
    11
  ],
  "clustering_eps": 0.3,
  "min_samples": 5,
  "obstacle_type": "auto",
  "num_points": 292,
  "num_obstacles": 4,
  "seed": 5211,
  "environment_details": {
    "environment_type": "circle_only",
    "config": {
      "num_obstacles": 4,
      "obstacle_size_range": [
        0.1,
        0.5
      ],
      "density_level": "sparse",
      "complexity_level": "simple",
      "spatial_distribution": "center",
      "workspace_utilization": 0.31286793098168,
      "min_distance_factor": 2.151225819338144
    },
    "num_obstacles": 4,
    "obstacles": [
      {
        "id": 0,
        "position": [
          5.6253662109375,
          4.642076015472412
        ],
        "radius": 0.14957666397094727,
        "type": "circle"
      },
      {
        "id": 1,
        "position": [
          4.563347816467285,
          4.3053131103515625
        ],
        "radius": 0.24206769466400146,
        "type": "circle"
      },
      {
        "id": 2,
        "position": [
          5.058834075927734,
          3.4113149642944336
        ],
        "radius": 0.3663788139820099,
        "type": "circle"
      },
      {
        "id": 3,
        "position": [
          5.953611373901367,
          3.346735715866089
        ],
        "radius": 0.12823155522346497,
        "type": "circle"
      }
    ],
    "workspace_bounds": [
      0,
      10,
      0,
      8
    ],
    "robot_base_position": [
      0,
      0
    ],
    "generation_timestamp": null
  },
  "generation_timestamp": "2025-07-14T16:35:50.973248"
}