{
  "env_type": "circles",
  "difficulty": "easy",
  "resolution": 0.05,
  "noise_level": 0.01,
  "workspace_bounds": [
    -1,
    11,
    -1,
    11
  ],
  "clustering_eps": 0.3,
  "min_samples": 5,
  "obstacle_type": "auto",
  "num_points": 281,
  "num_obstacles": 4,
  "seed": 3687,
  "environment_details": {
    "environment_type": "circle_only",
    "config": {
      "num_obstacles": 4,
      "obstacle_size_range": [
        0.15,
        0.35
      ],
      "density_level": "sparse",
      "complexity_level": "simple",
      "spatial_distribution": "center",
      "workspace_utilization": 0.4,
      "min_distance_factor": 1.8
    },
    "num_obstacles": 4,
    "obstacles": [
      {
        "id": 0,
        "position": [
          5.894432067871094,
          3.7870259284973145
        ],
        "radius": 0.3323324918746948,
        "type": "circle"
      },
      {
        "id": 1,
        "position": [
          4.705474853515625,
          4.642858028411865
        ],
        "radius": 0.21301239728927612,
        "type": "circle"
      },
      {
        "id": 2,
        "position": [
          5.0240325927734375,
          3.7446086406707764
        ],
        "radius": 0.21434636414051056,
        "type": "circle"
      },
      {
        "id": 3,
        "position": [
          5.97159481048584,
          4.736209869384766
        ],
        "radius": 0.14768289029598236,
        "type": "circle"
      }
    ],
    "workspace_bounds": [
      0,
      10,
      0,
      8
    ],
    "robot_base_position": [
      0,
      0
    ],
    "generation_timestamp": null
  },
  "generation_timestamp": "2025-07-14T16:30:21.284592"
}