{
  "env_type": "circles",
  "difficulty": "easy",
  "resolution": 0.05,
  "noise_level": 0.01,
  "workspace_bounds": [
    -1,
    11,
    -1,
    11
  ],
  "clustering_eps": 0.3,
  "min_samples": 5,
  "obstacle_type": "auto",
  "num_points": 270,
  "num_obstacles": 4,
  "seed": 6872,
  "environment_details": {
    "environment_type": "circle_only",
    "config": {
      "num_obstacles": 4,
      "obstacle_size_range": [
        0.15,
        0.35
      ],
      "density_level": "sparse",
      "complexity_level": "simple",
      "spatial_distribution": "center",
      "workspace_utilization": 0.4,
      "min_distance_factor": 1.8
    },
    "num_obstacles": 4,
    "obstacles": [
      {
        "id": 0,
        "position": [
          4.998751640319824,
          3.3249003887176514
        ],
        "radius": 0.14746077358722687,
        "type": "circle"
      },
      {
        "id": 1,
        "position": [
          5.1608781814575195,
          4.41517972946167
        ],
        "radius": 0.17884179949760437,
        "type": "circle"
      },
      {
        "id": 2,
        "position": [
          6.199690341949463,
          4.130180835723877
        ],
        "radius": 0.324153870344162,
        "type": "circle"
      },
      {
        "id": 3,
        "position": [
          5.659217357635498,
          3.4441683292388916
        ],
        "radius": 0.24010534584522247,
        "type": "circle"
      }
    ],
    "workspace_bounds": [
      0,
      10,
      0,
      8
    ],
    "robot_base_position": [
      0,
      0
    ],
    "generation_timestamp": null
  },
  "generation_timestamp": "2025-07-14T16:42:00.087825"
}