{
  "env_type": "circles",
  "difficulty": "easy",
  "resolution": 0.05,
  "noise_level": 0.01,
  "workspace_bounds": [
    -1,
    11,
    -1,
    11
  ],
  "clustering_eps": 0.3,
  "min_samples": 5,
  "obstacle_type": "auto",
  "num_points": 440,
  "num_obstacles": 4,
  "seed": 2771,
  "environment_details": {
    "environment_type": "circle_only",
    "config": {
      "num_obstacles": 4,
      "obstacle_size_range": [
        0.15,
        0.35
      ],
      "density_level": "sparse",
      "complexity_level": "simple",
      "spatial_distribution": "center",
      "workspace_utilization": 0.4,
      "min_distance_factor": 1.8
    },
    "num_obstacles": 4,
    "obstacles": [
      {
        "id": 0,
        "position": [
          5.788369178771973,
          4.125011444091797
        ],
        "radius": 0.23860883712768555,
        "type": "circle"
      },
      {
        "id": 1,
        "position": [
          4.725484371185303,
          3.889869213104248
        ],
        "radius": 0.3795911371707916,
        "type": "circle"
      },
      {
        "id": 2,
        "position": [
          5.961739540100098,
          3.439722776412964
        ],
        "radius": 0.26492372155189514,
        "type": "circle"
      },
      {
        "id": 3,
        "position": [
          5.708011627197266,
          4.8193182945251465
        ],
        "radius": 0.27825409173965454,
        "type": "circle"
      }
    ],
    "workspace_bounds": [
      0,
      10,
      0,
      8
    ],
    "robot_base_position": [
      0,
      0
    ],
    "generation_timestamp": null
  },
  "generation_timestamp": "2025-07-14T16:27:00.351800"
}