{
  "env_type": "circles",
  "difficulty": "random",
  "resolution": 0.05,
  "noise_level": 0.01,
  "workspace_bounds": [
    -1,
    11,
    -1,
    11
  ],
  "clustering_eps": 0.3,
  "min_samples": 5,
  "obstacle_type": "auto",
  "num_points": 6833,
  "num_obstacles": 4,
  "seed": 1262,
  "environment_details": {
    "environment_type": "circle_only",
    "config": {
      "num_obstacles": 4,
      "obstacle_size_range": [
        0.9,
        1.3
      ],
      "density_level": "sparse",
      "complexity_level": "medium",
      "spatial_distribution": "clusters",
      "workspace_utilization": 0.3002352901321488,
      "min_distance_factor": 1.944900642941123
    },
    "num_obstacles": 4,
    "obstacles": [
      {
        "id": 0,
        "position": [
          5.204636096954346,
          4.677116394042969
        ],
        "radius": 1.4813200235366821,
        "type": "circle"
      },
      {
        "id": 1,
        "position": [
          6.907928943634033,
          2.8788907527923584
        ],
        "radius": 1.3379061222076416,
        "type": "circle"
      },
      {
        "id": 2,
        "position": [
          2.1723506450653076,
          4.574270248413086
        ],
        "radius": 0.9184823036193848,
        "type": "circle"
      },
      {
        "id": 3,
        "position": [
          2.5179152488708496,
          1.629118800163269
        ],
        "radius": 0.8395880460739136,
        "type": "circle"
      }
    ],
    "workspace_bounds": [
      0,
      10,
      0,
      8
    ],
    "robot_base_position": [
      0,
      0
    ],
    "generation_timestamp": null
  },
  "generation_timestamp": "2025-07-14T16:21:29.281357"
}