{
  "env_type": "circles",
  "difficulty": "random",
  "resolution": 0.05,
  "noise_level": 0.01,
  "workspace_bounds": [
    -1,
    11,
    -1,
    11
  ],
  "clustering_eps": 0.3,
  "min_samples": 5,
  "obstacle_type": "auto",
  "num_points": 1325,
  "num_obstacles": 4,
  "seed": 5322,
  "environment_details": {
    "environment_type": "circle_only",
    "config": {
      "num_obstacles": 4,
      "obstacle_size_range": [
        0.4,
        1.2
      ],
      "density_level": "dense",
      "complexity_level": "medium",
      "spatial_distribution": "arc",
      "workspace_utilization": 0.27605245312087223,
      "min_distance_factor": 0.6896145343918755
    },
    "num_obstacles": 4,
    "obstacles": [
      {
        "id": 0,
        "position": [
          6.390591621398926,
          7.446814060211182
        ],
        "radius": 0.5177862048149109,
        "type": "circle"
      },
      {
        "id": 1,
        "position": [
          8.736015319824219,
          2.5328025817871094
        ],
        "radius": 0.49138808250427246,
        "type": "circle"
      },
      {
        "id": 2,
        "position": [
          3.6679933071136475,
          7.474647521972656
        ],
        "radius": 0.47392866015434265,
        "type": "circle"
      },
      {
        "id": 3,
        "position": [
          4.306730270385742,
          6.9250407218933105
        ],
        "radius": 0.59281986951828,
        "type": "circle"
      }
    ],
    "workspace_bounds": [
      0,
      10,
      0,
      8
    ],
    "robot_base_position": [
      0,
      0
    ],
    "generation_timestamp": null
  },
  "generation_timestamp": "2025-07-14T16:36:16.210782"
}