{
  "env_type": "circles",
  "difficulty": "easy",
  "resolution": 0.05,
  "noise_level": 0.01,
  "workspace_bounds": [
    -1,
    11,
    -1,
    11
  ],
  "clustering_eps": 0.3,
  "min_samples": 5,
  "obstacle_type": "auto",
  "num_points": 651,
  "num_obstacles": 4,
  "seed": 3555,
  "environment_details": {
    "environment_type": "circle_only",
    "config": {
      "num_obstacles": 4,
      "obstacle_size_range": [
        0.25,
        0.45
      ],
      "density_level": "sparse",
      "complexity_level": "simple",
      "spatial_distribution": "center",
      "workspace_utilization": 0.4,
      "min_distance_factor": 1.8
    },
    "num_obstacles": 4,
    "obstacles": [
      {
        "id": 0,
        "position": [
          5.966150760650635,
          4.797262191772461
        ],
        "radius": 0.3453387916088104,
        "type": "circle"
      },
      {
        "id": 1,
        "position": [
          5.369778633117676,
          3.872030258178711
        ],
        "radius": 0.3830567002296448,
        "type": "circle"
      },
      {
        "id": 2,
        "position": [
          6.06507682800293,
          3.7997612953186035
        ],
        "radius": 0.44402503967285156,
        "type": "circle"
      },
      {
        "id": 3,
        "position": [
          4.6758832931518555,
          3.3358192443847656
        ],
        "radius": 0.26622846722602844,
        "type": "circle"
      }
    ],
    "workspace_bounds": [
      0,
      10,
      0,
      8
    ],
    "robot_base_position": [
      0,
      0
    ],
    "generation_timestamp": null
  },
  "generation_timestamp": "2025-07-14T16:29:54.029120"
}