{
  "env_type": "circles",
  "difficulty": "easy",
  "resolution": 0.05,
  "noise_level": 0.01,
  "workspace_bounds": [
    -1,
    11,
    -1,
    11
  ],
  "clustering_eps": 0.3,
  "min_samples": 5,
  "obstacle_type": "auto",
  "num_points": 348,
  "num_obstacles": 4,
  "seed": 9689,
  "environment_details": {
    "environment_type": "circle_only",
    "config": {
      "num_obstacles": 4,
      "obstacle_size_range": [
        0.15,
        0.35
      ],
      "density_level": "sparse",
      "complexity_level": "simple",
      "spatial_distribution": "center",
      "workspace_utilization": 0.4,
      "min_distance_factor": 1.8
    },
    "num_obstacles": 4,
    "obstacles": [
      {
        "id": 0,
        "position": [
          5.203266620635986,
          4.711836814880371
        ],
        "radius": 0.23428747057914734,
        "type": "circle"
      },
      {
        "id": 1,
        "position": [
          5.567288398742676,
          3.7648603916168213
        ],
        "radius": 0.38910454511642456,
        "type": "circle"
      },
      {
        "id": 2,
        "position": [
          6.110989570617676,
          4.294327259063721
        ],
        "radius": 0.12152005732059479,
        "type": "circle"
      },
      {
        "id": 3,
        "position": [
          4.261511325836182,
          4.826807022094727
        ],
        "radius": 0.23348122835159302,
        "type": "circle"
      }
    ],
    "workspace_bounds": [
      0,
      10,
      0,
      8
    ],
    "robot_base_position": [
      0,
      0
    ],
    "generation_timestamp": null
  },
  "generation_timestamp": "2025-07-14T16:52:18.008014"
}