{
  "env_type": "circles",
  "difficulty": "easy",
  "resolution": 0.05,
  "noise_level": 0.01,
  "workspace_bounds": [
    -1,
    11,
    -1,
    11
  ],
  "clustering_eps": 0.3,
  "min_samples": 5,
  "obstacle_type": "auto",
  "num_points": 235,
  "num_obstacles": 4,
  "seed": 6267,
  "environment_details": {
    "environment_type": "circle_only",
    "config": {
      "num_obstacles": 4,
      "obstacle_size_range": [
        0.15,
        0.35
      ],
      "density_level": "sparse",
      "complexity_level": "simple",
      "spatial_distribution": "center",
      "workspace_utilization": 0.4,
      "min_distance_factor": 1.8
    },
    "num_obstacles": 4,
    "obstacles": [
      {
        "id": 0,
        "position": [
          5.98320198059082,
          3.5140480995178223
        ],
        "radius": 0.16732774674892426,
        "type": "circle"
      },
      {
        "id": 1,
        "position": [
          5.472097396850586,
          4.594383239746094
        ],
        "radius": 0.18333911895751953,
        "type": "circle"
      },
      {
        "id": 2,
        "position": [
          6.05870246887207,
          4.3582892417907715
        ],
        "radius": 0.3007934093475342,
        "type": "circle"
      },
      {
        "id": 3,
        "position": [
          4.2492451667785645,
          4.038479328155518
        ],
        "radius": 0.19066771864891052,
        "type": "circle"
      }
    ],
    "workspace_bounds": [
      0,
      10,
      0,
      8
    ],
    "robot_base_position": [
      0,
      0
    ],
    "generation_timestamp": null
  },
  "generation_timestamp": "2025-07-14T16:39:50.248850"
}