{
  "env_type": "circles",
  "difficulty": "easy",
  "resolution": 0.05,
  "noise_level": 0.01,
  "workspace_bounds": [
    -1,
    11,
    -1,
    11
  ],
  "clustering_eps": 0.3,
  "min_samples": 5,
  "obstacle_type": "auto",
  "num_points": 345,
  "num_obstacles": 4,
  "seed": 7794,
  "environment_details": {
    "environment_type": "circle_only",
    "config": {
      "num_obstacles": 4,
      "obstacle_size_range": [
        0.15,
        0.35
      ],
      "density_level": "sparse",
      "complexity_level": "simple",
      "spatial_distribution": "distributed",
      "workspace_utilization": 0.4,
      "min_distance_factor": 1.8
    },
    "num_obstacles": 4,
    "obstacles": [
      {
        "id": 0,
        "position": [
          3.6636760234832764,
          3.9020462036132812
        ],
        "radius": 0.25316667556762695,
        "type": "circle"
      },
      {
        "id": 1,
        "position": [
          4.302188396453857,
          6.672056674957275
        ],
        "radius": 0.3777640163898468,
        "type": "circle"
      },
      {
        "id": 2,
        "position": [
          9.373384475708008,
          6.8247151374816895
        ],
        "radius": 0.19068479537963867,
        "type": "circle"
      },
      {
        "id": 3,
        "position": [
          3.522916555404663,
          5.420038223266602
        ],
        "radius": 0.17673233151435852,
        "type": "circle"
      }
    ],
    "workspace_bounds": [
      0,
      10,
      0,
      8
    ],
    "robot_base_position": [
      0,
      0
    ],
    "generation_timestamp": null
  },
  "generation_timestamp": "2025-07-14T16:45:24.660278"
}