{
  "env_type": "circles",
  "difficulty": "easy",
  "resolution": 0.05,
  "noise_level": 0.01,
  "workspace_bounds": [
    -1,
    11,
    -1,
    11
  ],
  "clustering_eps": 0.3,
  "min_samples": 5,
  "obstacle_type": "auto",
  "num_points": 448,
  "num_obstacles": 4,
  "seed": 8402,
  "environment_details": {
    "environment_type": "circle_only",
    "config": {
      "num_obstacles": 4,
      "obstacle_size_range": [
        0.15,
        0.35
      ],
      "density_level": "sparse",
      "complexity_level": "simple",
      "spatial_distribution": "center",
      "workspace_utilization": 0.4,
      "min_distance_factor": 1.8
    },
    "num_obstacles": 4,
    "obstacles": [
      {
        "id": 0,
        "position": [
          4.869149208068848,
          3.8993518352508545
        ],
        "radius": 0.16509723663330078,
        "type": "circle"
      },
      {
        "id": 1,
        "position": [
          5.825395584106445,
          3.258878231048584
        ],
        "radius": 0.3528781235218048,
        "type": "circle"
      },
      {
        "id": 2,
        "position": [
          4.43480920791626,
          4.145748138427734
        ],
        "radius": 0.29432857036590576,
        "type": "circle"
      },
      {
        "id": 3,
        "position": [
          4.8899335861206055,
          3.2829294204711914
        ],
        "radius": 0.3448539674282074,
        "type": "circle"
      }
    ],
    "workspace_bounds": [
      0,
      10,
      0,
      8
    ],
    "robot_base_position": [
      0,
      0
    ],
    "generation_timestamp": null
  },
  "generation_timestamp": "2025-07-14T16:47:43.556750"
}