{
  "env_type": "circles",
  "difficulty": "random",
  "resolution": 0.05,
  "noise_level": 0.01,
  "workspace_bounds": [
    -1,
    11,
    -1,
    11
  ],
  "clustering_eps": 0.3,
  "min_samples": 5,
  "obstacle_type": "auto",
  "num_points": 1151,
  "num_obstacles": 4,
  "seed": 4373,
  "environment_details": {
    "environment_type": "circle_only",
    "config": {
      "num_obstacles": 4,
      "obstacle_size_range": [
        0.2,
        0.8
      ],
      "density_level": "dense",
      "complexity_level": "simple",
      "spatial_distribution": "arc",
      "workspace_utilization": 0.2632085128673455,
      "min_distance_factor": 0.7529063393264912
    },
    "num_obstacles": 4,
    "obstacles": [
      {
        "id": 0,
        "position": [
          3.857431650161743,
          3.02728533744812
        ],
        "radius": 0.644548773765564,
        "type": "circle"
      },
      {
        "id": 1,
        "position": [
          5.440437316894531,
          0.5152860283851624
        ],
        "radius": 0.39195412397384644,
        "type": "circle"
      },
      {
        "id": 2,
        "position": [
          2.282484769821167,
          1.4090735912322998
        ],
        "radius": 0.42475542426109314,
        "type": "circle"
      },
      {
        "id": 3,
        "position": [
          7.5198774337768555,
          4.33504056930542
        ],
        "radius": 0.4096747934818268,
        "type": "circle"
      }
    ],
    "workspace_bounds": [
      0,
      10,
      0,
      8
    ],
    "robot_base_position": [
      0,
      0
    ],
    "generation_timestamp": null
  },
  "generation_timestamp": "2025-07-14T16:32:50.702860"
}