{
  "env_type": "circles",
  "difficulty": "easy",
  "resolution": 0.05,
  "noise_level": 0.01,
  "workspace_bounds": [
    -1,
    11,
    -1,
    11
  ],
  "clustering_eps": 0.3,
  "min_samples": 5,
  "obstacle_type": "auto",
  "num_points": 842,
  "num_obstacles": 4,
  "seed": 3651,
  "environment_details": {
    "environment_type": "circle_only",
    "config": {
      "num_obstacles": 4,
      "obstacle_size_range": [
        0.25,
        0.45
      ],
      "density_level": "sparse",
      "complexity_level": "simple",
      "spatial_distribution": "distributed",
      "workspace_utilization": 0.4,
      "min_distance_factor": 1.8
    },
    "num_obstacles": 4,
    "obstacles": [
      {
        "id": 0,
        "position": [
          4.506739139556885,
          2.9564177989959717
        ],
        "radius": 0.3170076906681061,
        "type": "circle"
      },
      {
        "id": 1,
        "position": [
          3.7624199390411377,
          2.546091079711914
        ],
        "radius": 0.46042194962501526,
        "type": "circle"
      },
      {
        "id": 2,
        "position": [
          3.415696620941162,
          4.420188903808594
        ],
        "radius": 0.46395301818847656,
        "type": "circle"
      },
      {
        "id": 3,
        "position": [
          7.266158103942871,
          6.089445114135742
        ],
        "radius": 0.37868741154670715,
        "type": "circle"
      }
    ],
    "workspace_bounds": [
      0,
      10,
      0,
      8
    ],
    "robot_base_position": [
      0,
      0
    ],
    "generation_timestamp": null
  },
  "generation_timestamp": "2025-07-14T16:30:13.885561"
}