{
  "env_type": "circles",
  "difficulty": "easy",
  "resolution": 0.05,
  "noise_level": 0.01,
  "workspace_bounds": [
    -1,
    11,
    -1,
    11
  ],
  "clustering_eps": 0.3,
  "min_samples": 5,
  "obstacle_type": "auto",
  "num_points": 506,
  "num_obstacles": 4,
  "seed": 9437,
  "environment_details": {
    "environment_type": "circle_only",
    "config": {
      "num_obstacles": 4,
      "obstacle_size_range": [
        0.15,
        0.35
      ],
      "density_level": "sparse",
      "complexity_level": "simple",
      "spatial_distribution": "center",
      "workspace_utilization": 0.4,
      "min_distance_factor": 1.8
    },
    "num_obstacles": 4,
    "obstacles": [
      {
        "id": 0,
        "position": [
          6.123761177062988,
          3.4558615684509277
        ],
        "radius": 0.2371288686990738,
        "type": "circle"
      },
      {
        "id": 1,
        "position": [
          4.285144805908203,
          4.21995735168457
        ],
        "radius": 0.2002544105052948,
        "type": "circle"
      },
      {
        "id": 2,
        "position": [
          4.478665351867676,
          3.1654415130615234
        ],
        "radius": 0.39417847990989685,
        "type": "circle"
      },
      {
        "id": 3,
        "position": [
          5.996697425842285,
          4.3088459968566895
        ],
        "radius": 0.38633617758750916,
        "type": "circle"
      }
    ],
    "workspace_bounds": [
      0,
      10,
      0,
      8
    ],
    "robot_base_position": [
      0,
      0
    ],
    "generation_timestamp": null
  },
  "generation_timestamp": "2025-07-14T16:51:25.965340"
}