{
  "env_type": "circles",
  "difficulty": "easy",
  "resolution": 0.05,
  "noise_level": 0.01,
  "workspace_bounds": [
    -1,
    11,
    -1,
    11
  ],
  "clustering_eps": 0.3,
  "min_samples": 5,
  "obstacle_type": "auto",
  "num_points": 410,
  "num_obstacles": 4,
  "seed": 5060,
  "environment_details": {
    "environment_type": "circle_only",
    "config": {
      "num_obstacles": 4,
      "obstacle_size_range": [
        0.25,
        0.45
      ],
      "density_level": "sparse",
      "complexity_level": "simple",
      "spatial_distribution": "distributed",
      "workspace_utilization": 0.4,
      "min_distance_factor": 1.8
    },
    "num_obstacles": 4,
    "obstacles": [
      {
        "id": 0,
        "position": [
          7.832311630249023,
          3.738394260406494
        ],
        "radius": 0.25486940145492554,
        "type": "circle"
      },
      {
        "id": 1,
        "position": [
          8.105162620544434,
          6.7921528816223145
        ],
        "radius": 0.2465580254793167,
        "type": "circle"
      },
      {
        "id": 2,
        "position": [
          6.405338287353516,
          4.632233619689941
        ],
        "radius": 0.29581838846206665,
        "type": "circle"
      },
      {
        "id": 3,
        "position": [
          2.085637331008911,
          1.6063148975372314
        ],
        "radius": 0.34149765968322754,
        "type": "circle"
      }
    ],
    "workspace_bounds": [
      0,
      10,
      0,
      8
    ],
    "robot_base_position": [
      0,
      0
    ],
    "generation_timestamp": null
  },
  "generation_timestamp": "2025-07-14T16:35:18.326350"
}