{
  "env_type": "circles",
  "difficulty": "random",
  "resolution": 0.05,
  "noise_level": 0.01,
  "workspace_bounds": [
    -1,
    11,
    -1,
    11
  ],
  "clustering_eps": 0.3,
  "min_samples": 5,
  "obstacle_type": "auto",
  "num_points": 774,
  "num_obstacles": 4,
  "seed": 3405,
  "environment_details": {
    "environment_type": "circle_only",
    "config": {
      "num_obstacles": 4,
      "obstacle_size_range": [
        0.1,
        0.5
      ],
      "density_level": "medium",
      "complexity_level": "medium",
      "spatial_distribution": "edge",
      "workspace_utilization": 0.3225350751995616,
      "min_distance_factor": 1.2662755316372785
    },
    "num_obstacles": 4,
    "obstacles": [
      {
        "id": 0,
        "position": [
          1.5371925830841064,
          6.810506820678711
        ],
        "radius": 0.18395176529884338,
        "type": "circle"
      },
      {
        "id": 1,
        "position": [
          8.14822769165039,
          1.3797742128372192
        ],
        "radius": 0.2965129017829895,
        "type": "circle"
      },
      {
        "id": 2,
        "position": [
          2.2900640964508057,
          6.210896015167236
        ],
        "radius": 0.23193883895874023,
        "type": "circle"
      },
      {
        "id": 3,
        "position": [
          7.854584217071533,
          2.860841989517212
        ],
        "radius": 0.6637623906135559,
        "type": "circle"
      }
    ],
    "workspace_bounds": [
      0,
      10,
      0,
      8
    ],
    "robot_base_position": [
      0,
      0
    ],
    "generation_timestamp": null
  },
  "generation_timestamp": "2025-07-14T16:29:23.628024"
}