{
  "env_type": "circles",
  "difficulty": "random",
  "resolution": 0.05,
  "noise_level": 0.01,
  "workspace_bounds": [
    -1,
    11,
    -1,
    11
  ],
  "clustering_eps": 0.3,
  "min_samples": 5,
  "obstacle_type": "auto",
  "num_points": 3322,
  "num_obstacles": 4,
  "seed": 6882,
  "environment_details": {
    "environment_type": "circle_only",
    "config": {
      "num_obstacles": 4,
      "obstacle_size_range": [
        0.1,
        1.0
      ],
      "density_level": "medium",
      "complexity_level": "complex",
      "spatial_distribution": "arc",
      "workspace_utilization": 0.3897020400977238,
      "min_distance_factor": 0.939477184961963
    },
    "num_obstacles": 4,
    "obstacles": [
      {
        "id": 0,
        "position": [
          5.984219551086426,
          2.4376046657562256
        ],
        "radius": 0.21083690226078033,
        "type": "circle"
      },
      {
        "id": 1,
        "position": [
          5.4364166259765625,
          4.02654504776001
        ],
        "radius": 1.4643877744674683,
        "type": "circle"
      },
      {
        "id": 2,
        "position": [
          7.3967766761779785,
          1.053558111190796
        ],
        "radius": 0.6383691430091858,
        "type": "circle"
      },
      {
        "id": 3,
        "position": [
          9.336420059204102,
          3.7095797061920166
        ],
        "radius": 0.22125859558582306,
        "type": "circle"
      }
    ],
    "workspace_bounds": [
      0,
      10,
      0,
      8
    ],
    "robot_base_position": [
      0,
      0
    ],
    "generation_timestamp": null
  },
  "generation_timestamp": "2025-07-14T16:42:01.704396"
}