{
  "env_type": "circles",
  "difficulty": "easy",
  "resolution": 0.05,
  "noise_level": 0.01,
  "workspace_bounds": [
    -1,
    11,
    -1,
    11
  ],
  "clustering_eps": 0.3,
  "min_samples": 5,
  "obstacle_type": "auto",
  "num_points": 301,
  "num_obstacles": 4,
  "seed": 6288,
  "environment_details": {
    "environment_type": "circle_only",
    "config": {
      "num_obstacles": 4,
      "obstacle_size_range": [
        0.15,
        0.35
      ],
      "density_level": "sparse",
      "complexity_level": "simple",
      "spatial_distribution": "distributed",
      "workspace_utilization": 0.4,
      "min_distance_factor": 1.8
    },
    "num_obstacles": 4,
    "obstacles": [
      {
        "id": 0,
        "position": [
          4.154589653015137,
          4.3693952560424805
        ],
        "radius": 0.2450316697359085,
        "type": "circle"
      },
      {
        "id": 1,
        "position": [
          8.020812034606934,
          5.783250331878662
        ],
        "radius": 0.27304714918136597,
        "type": "circle"
      },
      {
        "id": 2,
        "position": [
          1.9339696168899536,
          6.214142799377441
        ],
        "radius": 0.20472824573516846,
        "type": "circle"
      },
      {
        "id": 3,
        "position": [
          3.94246244430542,
          6.9718403816223145
        ],
        "radius": 0.24877184629440308,
        "type": "circle"
      }
    ],
    "workspace_bounds": [
      0,
      10,
      0,
      8
    ],
    "robot_base_position": [
      0,
      0
    ],
    "generation_timestamp": null
  },
  "generation_timestamp": "2025-07-14T16:39:55.101201"
}