{
  "env_type": "circles",
  "difficulty": "easy",
  "resolution": 0.05,
  "noise_level": 0.01,
  "workspace_bounds": [
    -1,
    11,
    -1,
    11
  ],
  "clustering_eps": 0.3,
  "min_samples": 5,
  "obstacle_type": "auto",
  "num_points": 204,
  "num_obstacles": 4,
  "seed": 3623,
  "environment_details": {
    "environment_type": "circle_only",
    "config": {
      "num_obstacles": 4,
      "obstacle_size_range": [
        0.15,
        0.35
      ],
      "density_level": "sparse",
      "complexity_level": "simple",
      "spatial_distribution": "center",
      "workspace_utilization": 0.4,
      "min_distance_factor": 1.8
    },
    "num_obstacles": 4,
    "obstacles": [
      {
        "id": 0,
        "position": [
          5.921013355255127,
          3.999579906463623
        ],
        "radius": 0.20177248120307922,
        "type": "circle"
      },
      {
        "id": 1,
        "position": [
          4.607137680053711,
          4.074102401733398
        ],
        "radius": 0.26583877205848694,
        "type": "circle"
      },
      {
        "id": 2,
        "position": [
          5.096490383148193,
          3.3446059226989746
        ],
        "radius": 0.1807658076286316,
        "type": "circle"
      },
      {
        "id": 3,
        "position": [
          5.730195999145508,
          3.1694018840789795
        ],
        "radius": 0.1326325535774231,
        "type": "circle"
      }
    ],
    "workspace_bounds": [
      0,
      10,
      0,
      8
    ],
    "robot_base_position": [
      0,
      0
    ],
    "generation_timestamp": null
  },
  "generation_timestamp": "2025-07-14T16:30:07.798887"
}