{
  "env_type": "circles",
  "difficulty": "easy",
  "resolution": 0.05,
  "noise_level": 0.01,
  "workspace_bounds": [
    -1,
    11,
    -1,
    11
  ],
  "clustering_eps": 0.3,
  "min_samples": 5,
  "obstacle_type": "auto",
  "num_points": 441,
  "num_obstacles": 4,
  "seed": 3603,
  "environment_details": {
    "environment_type": "circle_only",
    "config": {
      "num_obstacles": 4,
      "obstacle_size_range": [
        0.15,
        0.35
      ],
      "density_level": "sparse",
      "complexity_level": "simple",
      "spatial_distribution": "distributed",
      "workspace_utilization": 0.4,
      "min_distance_factor": 1.8
    },
    "num_obstacles": 4,
    "obstacles": [
      {
        "id": 0,
        "position": [
          6.189967632293701,
          2.117668390274048
        ],
        "radius": 0.36452895402908325,
        "type": "circle"
      },
      {
        "id": 1,
        "position": [
          3.9888012409210205,
          2.634406566619873
        ],
        "radius": 0.1897391825914383,
        "type": "circle"
      },
      {
        "id": 2,
        "position": [
          1.1705225706100464,
          4.4544243812561035
        ],
        "radius": 0.3996664881706238,
        "type": "circle"
      },
      {
        "id": 3,
        "position": [
          7.236233711242676,
          3.662975788116455
        ],
        "radius": 0.16021783649921417,
        "type": "circle"
      }
    ],
    "workspace_bounds": [
      0,
      10,
      0,
      8
    ],
    "robot_base_position": [
      0,
      0
    ],
    "generation_timestamp": null
  },
  "generation_timestamp": "2025-07-14T16:30:04.167000"
}