{
  "env_type": "circles",
  "difficulty": "easy",
  "resolution": 0.05,
  "noise_level": 0.01,
  "workspace_bounds": [
    -1,
    11,
    -1,
    11
  ],
  "clustering_eps": 0.3,
  "min_samples": 5,
  "obstacle_type": "auto",
  "num_points": 670,
  "num_obstacles": 4,
  "seed": 6072,
  "environment_details": {
    "environment_type": "circle_only",
    "config": {
      "num_obstacles": 4,
      "obstacle_size_range": [
        0.25,
        0.45
      ],
      "density_level": "sparse",
      "complexity_level": "simple",
      "spatial_distribution": "distributed",
      "workspace_utilization": 0.4,
      "min_distance_factor": 1.8
    },
    "num_obstacles": 4,
    "obstacles": [
      {
        "id": 0,
        "position": [
          4.898674011230469,
          3.1849465370178223
        ],
        "radius": 0.44492846727371216,
        "type": "circle"
      },
      {
        "id": 1,
        "position": [
          5.521887302398682,
          0.7826252579689026
        ],
        "radius": 0.3460071086883545,
        "type": "circle"
      },
      {
        "id": 2,
        "position": [
          7.317756175994873,
          3.400153160095215
        ],
        "radius": 0.39514803886413574,
        "type": "circle"
      },
      {
        "id": 3,
        "position": [
          2.4432637691497803,
          3.928762435913086
        ],
        "radius": 0.2439693808555603,
        "type": "circle"
      }
    ],
    "workspace_bounds": [
      0,
      10,
      0,
      8
    ],
    "robot_base_position": [
      0,
      0
    ],
    "generation_timestamp": null
  },
  "generation_timestamp": "2025-07-14T16:39:08.793620"
}