{
  "env_type": "circles",
  "difficulty": "easy",
  "resolution": 0.05,
  "noise_level": 0.01,
  "workspace_bounds": [
    -1,
    11,
    -1,
    11
  ],
  "clustering_eps": 0.3,
  "min_samples": 5,
  "obstacle_type": "auto",
  "num_points": 296,
  "num_obstacles": 4,
  "seed": 8657,
  "environment_details": {
    "environment_type": "circle_only",
    "config": {
      "num_obstacles": 4,
      "obstacle_size_range": [
        0.15,
        0.35
      ],
      "density_level": "sparse",
      "complexity_level": "simple",
      "spatial_distribution": "center",
      "workspace_utilization": 0.4,
      "min_distance_factor": 1.8
    },
    "num_obstacles": 4,
    "obstacles": [
      {
        "id": 0,
        "position": [
          6.212143421173096,
          3.994523048400879
        ],
        "radius": 0.30968955159187317,
        "type": "circle"
      },
      {
        "id": 1,
        "position": [
          4.836399555206299,
          4.182314872741699
        ],
        "radius": 0.2339010387659073,
        "type": "circle"
      },
      {
        "id": 2,
        "position": [
          5.089369773864746,
          4.733710289001465
        ],
        "radius": 0.24966208636760712,
        "type": "circle"
      },
      {
        "id": 3,
        "position": [
          4.76816987991333,
          3.3873491287231445
        ],
        "radius": 0.14277169108390808,
        "type": "circle"
      }
    ],
    "workspace_bounds": [
      0,
      10,
      0,
      8
    ],
    "robot_base_position": [
      0,
      0
    ],
    "generation_timestamp": null
  },
  "generation_timestamp": "2025-07-14T16:48:38.576436"
}