{
  "env_type": "circles",
  "difficulty": "easy",
  "resolution": 0.05,
  "noise_level": 0.01,
  "workspace_bounds": [
    -1,
    11,
    -1,
    11
  ],
  "clustering_eps": 0.3,
  "min_samples": 5,
  "obstacle_type": "auto",
  "num_points": 224,
  "num_obstacles": 4,
  "seed": 4116,
  "environment_details": {
    "environment_type": "circle_only",
    "config": {
      "num_obstacles": 4,
      "obstacle_size_range": [
        0.15,
        0.35
      ],
      "density_level": "sparse",
      "complexity_level": "simple",
      "spatial_distribution": "center",
      "workspace_utilization": 0.4,
      "min_distance_factor": 1.8
    },
    "num_obstacles": 4,
    "obstacles": [
      {
        "id": 0,
        "position": [
          5.241767883300781,
          3.209258556365967
        ],
        "radius": 0.18616847693920135,
        "type": "circle"
      },
      {
        "id": 1,
        "position": [
          5.564357757568359,
          3.586091995239258
        ],
        "radius": 0.1812811940908432,
        "type": "circle"
      },
      {
        "id": 2,
        "position": [
          4.776901721954346,
          3.7567882537841797
        ],
        "radius": 0.30263516306877136,
        "type": "circle"
      },
      {
        "id": 3,
        "position": [
          4.738453388214111,
          4.273285388946533
        ],
        "radius": 0.1396949291229248,
        "type": "circle"
      }
    ],
    "workspace_bounds": [
      0,
      10,
      0,
      8
    ],
    "robot_base_position": [
      0,
      0
    ],
    "generation_timestamp": null
  },
  "generation_timestamp": "2025-07-14T16:31:54.781529"
}