{
  "env_type": "circles",
  "difficulty": "easy",
  "resolution": 0.05,
  "noise_level": 0.01,
  "workspace_bounds": [
    -1,
    11,
    -1,
    11
  ],
  "clustering_eps": 0.3,
  "min_samples": 5,
  "obstacle_type": "auto",
  "num_points": 798,
  "num_obstacles": 4,
  "seed": 5273,
  "environment_details": {
    "environment_type": "circle_only",
    "config": {
      "num_obstacles": 4,
      "obstacle_size_range": [
        0.25,
        0.45
      ],
      "density_level": "sparse",
      "complexity_level": "simple",
      "spatial_distribution": "distributed",
      "workspace_utilization": 0.4,
      "min_distance_factor": 1.8
    },
    "num_obstacles": 4,
    "obstacles": [
      {
        "id": 0,
        "position": [
          1.8694006204605103,
          0.8277845978736877
        ],
        "radius": 0.317950576543808,
        "type": "circle"
      },
      {
        "id": 1,
        "position": [
          5.501126766204834,
          0.9976389408111572
        ],
        "radius": 0.31893354654312134,
        "type": "circle"
      },
      {
        "id": 2,
        "position": [
          8.394704818725586,
          5.5123515129089355
        ],
        "radius": 0.4635889232158661,
        "type": "circle"
      },
      {
        "id": 3,
        "position": [
          2.064218521118164,
          4.054636001586914
        ],
        "radius": 0.46661120653152466,
        "type": "circle"
      }
    ],
    "workspace_bounds": [
      0,
      10,
      0,
      8
    ],
    "robot_base_position": [
      0,
      0
    ],
    "generation_timestamp": null
  },
  "generation_timestamp": "2025-07-14T16:36:04.789931"
}