{
  "env_type": "circles",
  "difficulty": "easy",
  "resolution": 0.05,
  "noise_level": 0.01,
  "workspace_bounds": [
    -1,
    11,
    -1,
    11
  ],
  "clustering_eps": 0.3,
  "min_samples": 5,
  "obstacle_type": "auto",
  "num_points": 637,
  "num_obstacles": 4,
  "seed": 3461,
  "environment_details": {
    "environment_type": "circle_only",
    "config": {
      "num_obstacles": 4,
      "obstacle_size_range": [
        0.25,
        0.45
      ],
      "density_level": "sparse",
      "complexity_level": "simple",
      "spatial_distribution": "center",
      "workspace_utilization": 0.4,
      "min_distance_factor": 1.8
    },
    "num_obstacles": 4,
    "obstacles": [
      {
        "id": 0,
        "position": [
          4.381838321685791,
          4.505665302276611
        ],
        "radius": 0.35736462473869324,
        "type": "circle"
      },
      {
        "id": 1,
        "position": [
          6.081732273101807,
          3.411017417907715
        ],
        "radius": 0.4476359188556671,
        "type": "circle"
      },
      {
        "id": 2,
        "position": [
          5.390759468078613,
          3.3490328788757324
        ],
        "radius": 0.2715209126472473,
        "type": "circle"
      },
      {
        "id": 3,
        "position": [
          4.813050746917725,
          3.7375876903533936
        ],
        "radius": 0.3222690522670746,
        "type": "circle"
      }
    ],
    "workspace_bounds": [
      0,
      10,
      0,
      8
    ],
    "robot_base_position": [
      0,
      0
    ],
    "generation_timestamp": null
  },
  "generation_timestamp": "2025-07-14T16:29:34.842431"
}