{
  "env_type": "circles",
  "difficulty": "easy",
  "resolution": 0.05,
  "noise_level": 0.01,
  "workspace_bounds": [
    -1,
    11,
    -1,
    11
  ],
  "clustering_eps": 0.3,
  "min_samples": 5,
  "obstacle_type": "auto",
  "num_points": 633,
  "num_obstacles": 4,
  "seed": 3889,
  "environment_details": {
    "environment_type": "circle_only",
    "config": {
      "num_obstacles": 4,
      "obstacle_size_range": [
        0.25,
        0.45
      ],
      "density_level": "sparse",
      "complexity_level": "simple",
      "spatial_distribution": "distributed",
      "workspace_utilization": 0.4,
      "min_distance_factor": 1.8
    },
    "num_obstacles": 4,
    "obstacles": [
      {
        "id": 0,
        "position": [
          6.358911037445068,
          6.440442085266113
        ],
        "radius": 0.26067060232162476,
        "type": "circle"
      },
      {
        "id": 1,
        "position": [
          1.7168196439743042,
          2.333026170730591
        ],
        "radius": 0.47418174147605896,
        "type": "circle"
      },
      {
        "id": 2,
        "position": [
          8.110390663146973,
          4.098579406738281
        ],
        "radius": 0.30947208404541016,
        "type": "circle"
      },
      {
        "id": 3,
        "position": [
          2.6946163177490234,
          3.2494421005249023
        ],
        "radius": 0.3415078818798065,
        "type": "circle"
      }
    ],
    "workspace_bounds": [
      0,
      10,
      0,
      8
    ],
    "robot_base_position": [
      0,
      0
    ],
    "generation_timestamp": null
  },
  "generation_timestamp": "2025-07-14T16:31:04.418492"
}