{
  "env_type": "circles",
  "difficulty": "easy",
  "resolution": 0.05,
  "noise_level": 0.01,
  "workspace_bounds": [
    -1,
    11,
    -1,
    11
  ],
  "clustering_eps": 0.3,
  "min_samples": 5,
  "obstacle_type": "auto",
  "num_points": 569,
  "num_obstacles": 4,
  "seed": 9267,
  "environment_details": {
    "environment_type": "circle_only",
    "config": {
      "num_obstacles": 4,
      "obstacle_size_range": [
        0.25,
        0.45
      ],
      "density_level": "sparse",
      "complexity_level": "simple",
      "spatial_distribution": "center",
      "workspace_utilization": 0.4,
      "min_distance_factor": 1.8
    },
    "num_obstacles": 4,
    "obstacles": [
      {
        "id": 0,
        "position": [
          5.667644500732422,
          3.7257182598114014
        ],
        "radius": 0.3855918347835541,
        "type": "circle"
      },
      {
        "id": 1,
        "position": [
          6.047577381134033,
          4.267190456390381
        ],
        "radius": 0.45080605149269104,
        "type": "circle"
      },
      {
        "id": 2,
        "position": [
          5.361348628997803,
          4.722377300262451
        ],
        "radius": 0.2689558267593384,
        "type": "circle"
      },
      {
        "id": 3,
        "position": [
          4.592519760131836,
          3.579389810562134
        ],
        "radius": 0.22268256545066833,
        "type": "circle"
      }
    ],
    "workspace_bounds": [
      0,
      10,
      0,
      8
    ],
    "robot_base_position": [
      0,
      0
    ],
    "generation_timestamp": null
  },
  "generation_timestamp": "2025-07-14T16:50:52.498112"
}