{
  "env_type": "circles",
  "difficulty": "easy",
  "resolution": 0.05,
  "noise_level": 0.01,
  "workspace_bounds": [
    -1,
    11,
    -1,
    11
  ],
  "clustering_eps": 0.3,
  "min_samples": 5,
  "obstacle_type": "auto",
  "num_points": 342,
  "num_obstacles": 4,
  "seed": 6275,
  "environment_details": {
    "environment_type": "circle_only",
    "config": {
      "num_obstacles": 4,
      "obstacle_size_range": [
        0.15,
        0.35
      ],
      "density_level": "sparse",
      "complexity_level": "simple",
      "spatial_distribution": "center",
      "workspace_utilization": 0.4,
      "min_distance_factor": 1.8
    },
    "num_obstacles": 4,
    "obstacles": [
      {
        "id": 0,
        "position": [
          5.651575565338135,
          3.4066367149353027
        ],
        "radius": 0.29175230860710144,
        "type": "circle"
      },
      {
        "id": 1,
        "position": [
          5.465719223022461,
          4.35219669342041
        ],
        "radius": 0.3037331700325012,
        "type": "circle"
      },
      {
        "id": 2,
        "position": [
          4.839783668518066,
          3.7789385318756104
        ],
        "radius": 0.22041356563568115,
        "type": "circle"
      },
      {
        "id": 3,
        "position": [
          4.329899787902832,
          3.589918851852417
        ],
        "radius": 0.22696536779403687,
        "type": "circle"
      }
    ],
    "workspace_bounds": [
      0,
      10,
      0,
      8
    ],
    "robot_base_position": [
      0,
      0
    ],
    "generation_timestamp": null
  },
  "generation_timestamp": "2025-07-14T16:39:52.188176"
}