{
  "env_type": "circles",
  "difficulty": "easy",
  "resolution": 0.05,
  "noise_level": 0.01,
  "workspace_bounds": [
    -1,
    11,
    -1,
    11
  ],
  "clustering_eps": 0.3,
  "min_samples": 5,
  "obstacle_type": "auto",
  "num_points": 280,
  "num_obstacles": 4,
  "seed": 5407,
  "environment_details": {
    "environment_type": "circle_only",
    "config": {
      "num_obstacles": 4,
      "obstacle_size_range": [
        0.15,
        0.35
      ],
      "density_level": "sparse",
      "complexity_level": "simple",
      "spatial_distribution": "center",
      "workspace_utilization": 0.4,
      "min_distance_factor": 1.8
    },
    "num_obstacles": 4,
    "obstacles": [
      {
        "id": 0,
        "position": [
          5.338233470916748,
          3.980132579803467
        ],
        "radius": 0.19128689169883728,
        "type": "circle"
      },
      {
        "id": 1,
        "position": [
          4.38680362701416,
          4.6572957038879395
        ],
        "radius": 0.32061251997947693,
        "type": "circle"
      },
      {
        "id": 2,
        "position": [
          4.864557266235352,
          4.500865459442139
        ],
        "radius": 0.2232930064201355,
        "type": "circle"
      },
      {
        "id": 3,
        "position": [
          4.435019016265869,
          3.3572723865509033
        ],
        "radius": 0.1754382997751236,
        "type": "circle"
      }
    ],
    "workspace_bounds": [
      0,
      10,
      0,
      8
    ],
    "robot_base_position": [
      0,
      0
    ],
    "generation_timestamp": null
  },
  "generation_timestamp": "2025-07-14T16:36:36.338033"
}