{
  "env_type": "circles",
  "difficulty": "easy",
  "resolution": 0.05,
  "noise_level": 0.01,
  "workspace_bounds": [
    -1,
    11,
    -1,
    11
  ],
  "clustering_eps": 0.3,
  "min_samples": 5,
  "obstacle_type": "auto",
  "num_points": 238,
  "num_obstacles": 4,
  "seed": 8008,
  "environment_details": {
    "environment_type": "circle_only",
    "config": {
      "num_obstacles": 4,
      "obstacle_size_range": [
        0.15,
        0.35
      ],
      "density_level": "sparse",
      "complexity_level": "simple",
      "spatial_distribution": "center",
      "workspace_utilization": 0.4,
      "min_distance_factor": 1.8
    },
    "num_obstacles": 4,
    "obstacles": [
      {
        "id": 0,
        "position": [
          4.64004373550415,
          3.333702325820923
        ],
        "radius": 0.17977683246135712,
        "type": "circle"
      },
      {
        "id": 1,
        "position": [
          5.046135902404785,
          4.709931373596191
        ],
        "radius": 0.18510331213474274,
        "type": "circle"
      },
      {
        "id": 2,
        "position": [
          5.336867332458496,
          4.328774452209473
        ],
        "radius": 0.28537943959236145,
        "type": "circle"
      },
      {
        "id": 3,
        "position": [
          6.219081401824951,
          3.3333852291107178
        ],
        "radius": 0.20967750251293182,
        "type": "circle"
      }
    ],
    "workspace_bounds": [
      0,
      10,
      0,
      8
    ],
    "robot_base_position": [
      0,
      0
    ],
    "generation_timestamp": null
  },
  "generation_timestamp": "2025-07-14T16:46:13.444711"
}