{
  "env_type": "circles",
  "difficulty": "random",
  "resolution": 0.05,
  "noise_level": 0.01,
  "workspace_bounds": [
    -1,
    11,
    -1,
    11
  ],
  "clustering_eps": 0.3,
  "min_samples": 5,
  "obstacle_type": "auto",
  "num_points": 455,
  "num_obstacles": 4,
  "seed": 651,
  "environment_details": {
    "environment_type": "circle_only",
    "config": {
      "num_obstacles": 4,
      "obstacle_size_range": [
        0.25,
        0.45
      ],
      "density_level": "dense",
      "complexity_level": "simple",
      "spatial_distribution": "center",
      "workspace_utilization": 0.39839408442492263,
      "min_distance_factor": 0.41968938426901425
    },
    "num_obstacles": 4,
    "obstacles": [
      {
        "id": 0,
        "position": [
          6.199673652648926,
          4.688326835632324
        ],
        "radius": 0.2728504538536072,
        "type": "circle"
      },
      {
        "id": 1,
        "position": [
          5.791896343231201,
          3.5173215866088867
        ],
        "radius": 0.2924768924713135,
        "type": "circle"
      },
      {
        "id": 2,
        "position": [
          4.95566987991333,
          3.247286319732666
        ],
        "radius": 0.36483195424079895,
        "type": "circle"
      },
      {
        "id": 3,
        "position": [
          5.735741138458252,
          3.1859352588653564
        ],
        "radius": 0.3141961395740509,
        "type": "circle"
      }
    ],
    "workspace_bounds": [
      0,
      10,
      0,
      8
    ],
    "robot_base_position": [
      0,
      0
    ],
    "generation_timestamp": null
  },
  "generation_timestamp": "2025-07-14T16:19:12.604798"
}