{
  "env_type": "circles",
  "difficulty": "easy",
  "resolution": 0.05,
  "noise_level": 0.01,
  "workspace_bounds": [
    -1,
    11,
    -1,
    11
  ],
  "clustering_eps": 0.3,
  "min_samples": 5,
  "obstacle_type": "auto",
  "num_points": 354,
  "num_obstacles": 4,
  "seed": 7527,
  "environment_details": {
    "environment_type": "circle_only",
    "config": {
      "num_obstacles": 4,
      "obstacle_size_range": [
        0.15,
        0.35
      ],
      "density_level": "sparse",
      "complexity_level": "simple",
      "spatial_distribution": "center",
      "workspace_utilization": 0.4,
      "min_distance_factor": 1.8
    },
    "num_obstacles": 4,
    "obstacles": [
      {
        "id": 0,
        "position": [
          5.575441360473633,
          4.624673843383789
        ],
        "radius": 0.32141247391700745,
        "type": "circle"
      },
      {
        "id": 1,
        "position": [
          4.8198323249816895,
          3.540968418121338
        ],
        "radius": 0.1998702585697174,
        "type": "circle"
      },
      {
        "id": 2,
        "position": [
          4.839345932006836,
          4.339585304260254
        ],
        "radius": 0.27200156450271606,
        "type": "circle"
      },
      {
        "id": 3,
        "position": [
          6.01912260055542,
          4.005370616912842
        ],
        "radius": 0.26310300827026367,
        "type": "circle"
      }
    ],
    "workspace_bounds": [
      0,
      10,
      0,
      8
    ],
    "robot_base_position": [
      0,
      0
    ],
    "generation_timestamp": null
  },
  "generation_timestamp": "2025-07-14T16:44:23.536173"
}