{
  "env_type": "circles",
  "difficulty": "random",
  "resolution": 0.05,
  "noise_level": 0.01,
  "workspace_bounds": [
    -1,
    11,
    -1,
    11
  ],
  "clustering_eps": 0.3,
  "min_samples": 5,
  "obstacle_type": "auto",
  "num_points": 6447,
  "num_obstacles": 4,
  "seed": 7202,
  "environment_details": {
    "environment_type": "circle_only",
    "config": {
      "num_obstacles": 4,
      "obstacle_size_range": [
        0.9,
        1.3
      ],
      "density_level": "dense",
      "complexity_level": "medium",
      "spatial_distribution": "edge",
      "workspace_utilization": 0.4501661941461898,
      "min_distance_factor": 0.8584199143276041
    },
    "num_obstacles": 4,
    "obstacles": [
      {
        "id": 0,
        "position": [
          1.7106727361679077,
          2.998826503753662
        ],
        "radius": 1.1573028564453125,
        "type": "circle"
      },
      {
        "id": 1,
        "position": [
          9.461478233337402,
          6.369880676269531
        ],
        "radius": 0.6682396531105042,
        "type": "circle"
      },
      {
        "id": 2,
        "position": [
          4.225791931152344,
          6.4051361083984375
        ],
        "radius": 1.5059831142425537,
        "type": "circle"
      },
      {
        "id": 3,
        "position": [
          5.692987442016602,
          7.206686496734619
        ],
        "radius": 1.2735220193862915,
        "type": "circle"
      }
    ],
    "workspace_bounds": [
      0,
      10,
      0,
      8
    ],
    "robot_base_position": [
      0,
      0
    ],
    "generation_timestamp": null
  },
  "generation_timestamp": "2025-07-14T16:43:12.318775"
}