{
  "env_type": "circles",
  "difficulty": "easy",
  "resolution": 0.05,
  "noise_level": 0.01,
  "workspace_bounds": [
    -1,
    11,
    -1,
    11
  ],
  "clustering_eps": 0.3,
  "min_samples": 5,
  "obstacle_type": "auto",
  "num_points": 530,
  "num_obstacles": 4,
  "seed": 1726,
  "environment_details": {
    "environment_type": "circle_only",
    "config": {
      "num_obstacles": 4,
      "obstacle_size_range": [
        0.25,
        0.45
      ],
      "density_level": "sparse",
      "complexity_level": "simple",
      "spatial_distribution": "distributed",
      "workspace_utilization": 0.4,
      "min_distance_factor": 1.8
    },
    "num_obstacles": 4,
    "obstacles": [
      {
        "id": 0,
        "position": [
          7.885418891906738,
          5.767167091369629
        ],
        "radius": 0.41528618335723877,
        "type": "circle"
      },
      {
        "id": 1,
        "position": [
          7.848083972930908,
          4.232842445373535
        ],
        "radius": 0.23042427003383636,
        "type": "circle"
      },
      {
        "id": 2,
        "position": [
          2.493464708328247,
          3.0461983680725098
        ],
        "radius": 0.31946805119514465,
        "type": "circle"
      },
      {
        "id": 3,
        "position": [
          5.2064690589904785,
          5.895114421844482
        ],
        "radius": 0.3087817132472992,
        "type": "circle"
      }
    ],
    "workspace_bounds": [
      0,
      10,
      0,
      8
    ],
    "robot_base_position": [
      0,
      0
    ],
    "generation_timestamp": null
  },
  "generation_timestamp": "2025-07-14T16:23:09.495455"
}