{
  "env_type": "circles",
  "difficulty": "easy",
  "resolution": 0.05,
  "noise_level": 0.01,
  "workspace_bounds": [
    -1,
    11,
    -1,
    11
  ],
  "clustering_eps": 0.3,
  "min_samples": 5,
  "obstacle_type": "auto",
  "num_points": 286,
  "num_obstacles": 4,
  "seed": 5844,
  "environment_details": {
    "environment_type": "circle_only",
    "config": {
      "num_obstacles": 4,
      "obstacle_size_range": [
        0.15,
        0.35
      ],
      "density_level": "sparse",
      "complexity_level": "simple",
      "spatial_distribution": "distributed",
      "workspace_utilization": 0.4,
      "min_distance_factor": 1.8
    },
    "num_obstacles": 4,
    "obstacles": [
      {
        "id": 0,
        "position": [
          8.766145706176758,
          4.8177924156188965
        ],
        "radius": 0.27713000774383545,
        "type": "circle"
      },
      {
        "id": 1,
        "position": [
          8.051780700683594,
          1.2368437051773071
        ],
        "radius": 0.162455216050148,
        "type": "circle"
      },
      {
        "id": 2,
        "position": [
          4.929610252380371,
          2.4726643562316895
        ],
        "radius": 0.24583016335964203,
        "type": "circle"
      },
      {
        "id": 3,
        "position": [
          8.810063362121582,
          2.857877492904663
        ],
        "radius": 0.25148698687553406,
        "type": "circle"
      }
    ],
    "workspace_bounds": [
      0,
      10,
      0,
      8
    ],
    "robot_base_position": [
      0,
      0
    ],
    "generation_timestamp": null
  },
  "generation_timestamp": "2025-07-14T16:38:16.977308"
}