{
  "env_type": "circles",
  "difficulty": "easy",
  "resolution": 0.05,
  "noise_level": 0.01,
  "workspace_bounds": [
    -1,
    11,
    -1,
    11
  ],
  "clustering_eps": 0.3,
  "min_samples": 5,
  "obstacle_type": "auto",
  "num_points": 222,
  "num_obstacles": 4,
  "seed": 220,
  "environment_details": {
    "environment_type": "circle_only",
    "config": {
      "num_obstacles": 4,
      "obstacle_size_range": [
        0.15,
        0.35
      ],
      "density_level": "sparse",
      "complexity_level": "simple",
      "spatial_distribution": "distributed",
      "workspace_utilization": 0.4,
      "min_distance_factor": 1.8
    },
    "num_obstacles": 4,
    "obstacles": [
      {
        "id": 0,
        "position": [
          5.1039886474609375,
          1.647399663925171
        ],
        "radius": 0.2539501488208771,
        "type": "circle"
      },
      {
        "id": 1,
        "position": [
          4.089929103851318,
          4.631759166717529
        ],
        "radius": 0.11254917085170746,
        "type": "circle"
      },
      {
        "id": 2,
        "position": [
          1.204992651939392,
          6.543732166290283
        ],
        "radius": 0.26078739762306213,
        "type": "circle"
      },
      {
        "id": 3,
        "position": [
          1.6540871858596802,
          0.9188226461410522
        ],
        "radius": 0.17223858833312988,
        "type": "circle"
      }
    ],
    "workspace_bounds": [
      0,
      10,
      0,
      8
    ],
    "robot_base_position": [
      0,
      0
    ],
    "generation_timestamp": null
  },
  "generation_timestamp": "2025-07-14T16:17:40.735647"
}