{
  "env_type": "circles",
  "difficulty": "easy",
  "resolution": 0.05,
  "noise_level": 0.01,
  "workspace_bounds": [
    -1,
    11,
    -1,
    11
  ],
  "clustering_eps": 0.3,
  "min_samples": 5,
  "obstacle_type": "auto",
  "num_points": 516,
  "num_obstacles": 4,
  "seed": 7179,
  "environment_details": {
    "environment_type": "circle_only",
    "config": {
      "num_obstacles": 4,
      "obstacle_size_range": [
        0.25,
        0.45
      ],
      "density_level": "sparse",
      "complexity_level": "simple",
      "spatial_distribution": "center",
      "workspace_utilization": 0.4,
      "min_distance_factor": 1.8
    },
    "num_obstacles": 4,
    "obstacles": [
      {
        "id": 0,
        "position": [
          5.470547676086426,
          4.337706565856934
        ],
        "radius": 0.2540086507797241,
        "type": "circle"
      },
      {
        "id": 1,
        "position": [
          4.755717754364014,
          3.9920766353607178
        ],
        "radius": 0.2896580100059509,
        "type": "circle"
      },
      {
        "id": 2,
        "position": [
          5.5497026443481445,
          3.448702335357666
        ],
        "radius": 0.2798629403114319,
        "type": "circle"
      },
      {
        "id": 3,
        "position": [
          6.214210033416748,
          3.8947203159332275
        ],
        "radius": 0.43400222063064575,
        "type": "circle"
      }
    ],
    "workspace_bounds": [
      0,
      10,
      0,
      8
    ],
    "robot_base_position": [
      0,
      0
    ],
    "generation_timestamp": null
  },
  "generation_timestamp": "2025-07-14T16:43:07.372248"
}