{
  "env_type": "circles",
  "difficulty": "easy",
  "resolution": 0.05,
  "noise_level": 0.01,
  "workspace_bounds": [
    -1,
    11,
    -1,
    11
  ],
  "clustering_eps": 0.3,
  "min_samples": 5,
  "obstacle_type": "auto",
  "num_points": 230,
  "num_obstacles": 4,
  "seed": 8242,
  "environment_details": {
    "environment_type": "circle_only",
    "config": {
      "num_obstacles": 4,
      "obstacle_size_range": [
        0.15,
        0.35
      ],
      "density_level": "sparse",
      "complexity_level": "simple",
      "spatial_distribution": "center",
      "workspace_utilization": 0.4,
      "min_distance_factor": 1.8
    },
    "num_obstacles": 4,
    "obstacles": [
      {
        "id": 0,
        "position": [
          5.364736557006836,
          4.759166240692139
        ],
        "radius": 0.12163642793893814,
        "type": "circle"
      },
      {
        "id": 1,
        "position": [
          6.075741767883301,
          3.7397444248199463
        ],
        "radius": 0.2526993751525879,
        "type": "circle"
      },
      {
        "id": 2,
        "position": [
          5.196949005126953,
          4.090974807739258
        ],
        "radius": 0.20234346389770508,
        "type": "circle"
      },
      {
        "id": 3,
        "position": [
          5.951444149017334,
          4.212183475494385
        ],
        "radius": 0.2546972632408142,
        "type": "circle"
      }
    ],
    "workspace_bounds": [
      0,
      10,
      0,
      8
    ],
    "robot_base_position": [
      0,
      0
    ],
    "generation_timestamp": null
  },
  "generation_timestamp": "2025-07-14T16:47:07.677043"
}