{
  "env_type": "circles",
  "difficulty": "easy",
  "resolution": 0.05,
  "noise_level": 0.01,
  "workspace_bounds": [
    -1,
    11,
    -1,
    11
  ],
  "clustering_eps": 0.3,
  "min_samples": 5,
  "obstacle_type": "auto",
  "num_points": 315,
  "num_obstacles": 4,
  "seed": 3891,
  "environment_details": {
    "environment_type": "circle_only",
    "config": {
      "num_obstacles": 4,
      "obstacle_size_range": [
        0.15,
        0.35
      ],
      "density_level": "sparse",
      "complexity_level": "simple",
      "spatial_distribution": "center",
      "workspace_utilization": 0.4,
      "min_distance_factor": 1.8
    },
    "num_obstacles": 4,
    "obstacles": [
      {
        "id": 0,
        "position": [
          4.561947822570801,
          3.3351409435272217
        ],
        "radius": 0.25487157702445984,
        "type": "circle"
      },
      {
        "id": 1,
        "position": [
          4.881836891174316,
          4.059264659881592
        ],
        "radius": 0.24089333415031433,
        "type": "circle"
      },
      {
        "id": 2,
        "position": [
          6.237545967102051,
          3.9310219287872314
        ],
        "radius": 0.19314980506896973,
        "type": "circle"
      },
      {
        "id": 3,
        "position": [
          4.328705310821533,
          3.758742094039917
        ],
        "radius": 0.3005000054836273,
        "type": "circle"
      }
    ],
    "workspace_bounds": [
      0,
      10,
      0,
      8
    ],
    "robot_base_position": [
      0,
      0
    ],
    "generation_timestamp": null
  },
  "generation_timestamp": "2025-07-14T16:31:04.863497"
}