{
  "env_type": "circles",
  "difficulty": "easy",
  "resolution": 0.05,
  "noise_level": 0.01,
  "workspace_bounds": [
    -1,
    11,
    -1,
    11
  ],
  "clustering_eps": 0.3,
  "min_samples": 5,
  "obstacle_type": "auto",
  "num_points": 798,
  "num_obstacles": 4,
  "seed": 638,
  "environment_details": {
    "environment_type": "circle_only",
    "config": {
      "num_obstacles": 4,
      "obstacle_size_range": [
        0.25,
        0.45
      ],
      "density_level": "sparse",
      "complexity_level": "simple",
      "spatial_distribution": "distributed",
      "workspace_utilization": 0.4,
      "min_distance_factor": 1.8
    },
    "num_obstacles": 4,
    "obstacles": [
      {
        "id": 0,
        "position": [
          7.549799919128418,
          5.7276387214660645
        ],
        "radius": 0.5220602750778198,
        "type": "circle"
      },
      {
        "id": 1,
        "position": [
          7.464077472686768,
          2.1775591373443604
        ],
        "radius": 0.3078729212284088,
        "type": "circle"
      },
      {
        "id": 2,
        "position": [
          4.742734909057617,
          3.1514077186584473
        ],
        "radius": 0.3469439446926117,
        "type": "circle"
      },
      {
        "id": 3,
        "position": [
          3.5025851726531982,
          2.4922051429748535
        ],
        "radius": 0.39360544085502625,
        "type": "circle"
      }
    ],
    "workspace_bounds": [
      0,
      10,
      0,
      8
    ],
    "robot_base_position": [
      0,
      0
    ],
    "generation_timestamp": null
  },
  "generation_timestamp": "2025-07-14T16:19:09.375500"
}