{
  "env_type": "circles",
  "difficulty": "easy",
  "resolution": 0.05,
  "noise_level": 0.01,
  "workspace_bounds": [
    -1,
    11,
    -1,
    11
  ],
  "clustering_eps": 0.3,
  "min_samples": 5,
  "obstacle_type": "auto",
  "num_points": 362,
  "num_obstacles": 4,
  "seed": 7268,
  "environment_details": {
    "environment_type": "circle_only",
    "config": {
      "num_obstacles": 4,
      "obstacle_size_range": [
        0.15,
        0.35
      ],
      "density_level": "sparse",
      "complexity_level": "simple",
      "spatial_distribution": "center",
      "workspace_utilization": 0.4,
      "min_distance_factor": 1.8
    },
    "num_obstacles": 4,
    "obstacles": [
      {
        "id": 0,
        "position": [
          5.537455081939697,
          3.462937355041504
        ],
        "radius": 0.21456797420978546,
        "type": "circle"
      },
      {
        "id": 1,
        "position": [
          4.335936069488525,
          4.590238571166992
        ],
        "radius": 0.3686731159687042,
        "type": "circle"
      },
      {
        "id": 2,
        "position": [
          5.29401159286499,
          4.4192280769348145
        ],
        "radius": 0.17615707218647003,
        "type": "circle"
      },
      {
        "id": 3,
        "position": [
          5.0282697677612305,
          3.985053062438965
        ],
        "radius": 0.27501142024993896,
        "type": "circle"
      }
    ],
    "workspace_bounds": [
      0,
      10,
      0,
      8
    ],
    "robot_base_position": [
      0,
      0
    ],
    "generation_timestamp": null
  },
  "generation_timestamp": "2025-07-14T16:43:26.926694"
}