{
  "env_type": "circles",
  "difficulty": "random",
  "resolution": 0.05,
  "noise_level": 0.01,
  "workspace_bounds": [
    -1,
    11,
    -1,
    11
  ],
  "clustering_eps": 0.3,
  "min_samples": 5,
  "obstacle_type": "auto",
  "num_points": 113,
  "num_obstacles": 4,
  "seed": 3542,
  "environment_details": {
    "environment_type": "circle_only",
    "config": {
      "num_obstacles": 4,
      "obstacle_size_range": [
        0.1,
        0.2
      ],
      "density_level": "sparse",
      "complexity_level": "medium",
      "spatial_distribution": "line",
      "workspace_utilization": 0.3253495405753347,
      "min_distance_factor": 1.7588068759324884
    },
    "num_obstacles": 4,
    "obstacles": [
      {
        "id": 0,
        "position": [
          4.150647163391113,
          5.105645656585693
        ],
        "radius": 0.12864312529563904,
        "type": "circle"
      },
      {
        "id": 1,
        "position": [
          5.136603355407715,
          1.424543023109436
        ],
        "radius": 0.13290461897850037,
        "type": "circle"
      },
      {
        "id": 2,
        "position": [
          2.9812209606170654,
          7.404186725616455
        ],
        "radius": 0.21934936940670013,
        "type": "circle"
      },
      {
        "id": 3,
        "position": [
          4.687150955200195,
          5.395401477813721
        ],
        "radius": 0.08745413273572922,
        "type": "circle"
      }
    ],
    "workspace_bounds": [
      0,
      10,
      0,
      8
    ],
    "robot_base_position": [
      0,
      0
    ],
    "generation_timestamp": null
  },
  "generation_timestamp": "2025-07-14T16:29:50.552415"
}