{
  "env_type": "circles",
  "difficulty": "easy",
  "resolution": 0.05,
  "noise_level": 0.01,
  "workspace_bounds": [
    -1,
    11,
    -1,
    11
  ],
  "clustering_eps": 0.3,
  "min_samples": 5,
  "obstacle_type": "auto",
  "num_points": 278,
  "num_obstacles": 4,
  "seed": 6086,
  "environment_details": {
    "environment_type": "circle_only",
    "config": {
      "num_obstacles": 4,
      "obstacle_size_range": [
        0.15,
        0.35
      ],
      "density_level": "sparse",
      "complexity_level": "simple",
      "spatial_distribution": "distributed",
      "workspace_utilization": 0.4,
      "min_distance_factor": 1.8
    },
    "num_obstacles": 4,
    "obstacles": [
      {
        "id": 0,
        "position": [
          2.0206968784332275,
          3.807966947555542
        ],
        "radius": 0.22294896841049194,
        "type": "circle"
      },
      {
        "id": 1,
        "position": [
          6.3637285232543945,
          0.8041448593139648
        ],
        "radius": 0.2618604898452759,
        "type": "circle"
      },
      {
        "id": 2,
        "position": [
          5.478459358215332,
          6.553371429443359
        ],
        "radius": 0.27899524569511414,
        "type": "circle"
      },
      {
        "id": 3,
        "position": [
          8.48453140258789,
          6.143003463745117
        ],
        "radius": 0.15203721821308136,
        "type": "circle"
      }
    ],
    "workspace_bounds": [
      0,
      10,
      0,
      8
    ],
    "robot_base_position": [
      0,
      0
    ],
    "generation_timestamp": null
  },
  "generation_timestamp": "2025-07-14T16:39:12.399404"
}