{
  "env_type": "circles",
  "difficulty": "easy",
  "resolution": 0.05,
  "noise_level": 0.01,
  "workspace_bounds": [
    -1,
    11,
    -1,
    11
  ],
  "clustering_eps": 0.3,
  "min_samples": 5,
  "obstacle_type": "auto",
  "num_points": 406,
  "num_obstacles": 4,
  "seed": 3766,
  "environment_details": {
    "environment_type": "circle_only",
    "config": {
      "num_obstacles": 4,
      "obstacle_size_range": [
        0.15,
        0.35
      ],
      "density_level": "sparse",
      "complexity_level": "simple",
      "spatial_distribution": "center",
      "workspace_utilization": 0.4,
      "min_distance_factor": 1.8
    },
    "num_obstacles": 4,
    "obstacles": [
      {
        "id": 0,
        "position": [
          5.415285587310791,
          3.4730098247528076
        ],
        "radius": 0.30474376678466797,
        "type": "circle"
      },
      {
        "id": 1,
        "position": [
          6.133735656738281,
          3.2339954376220703
        ],
        "radius": 0.25157684087753296,
        "type": "circle"
      },
      {
        "id": 2,
        "position": [
          5.234523296356201,
          4.14536714553833
        ],
        "radius": 0.37028563022613525,
        "type": "circle"
      },
      {
        "id": 3,
        "position": [
          5.136788845062256,
          4.7784295082092285
        ],
        "radius": 0.16858002543449402,
        "type": "circle"
      }
    ],
    "workspace_bounds": [
      0,
      10,
      0,
      8
    ],
    "robot_base_position": [
      0,
      0
    ],
    "generation_timestamp": null
  },
  "generation_timestamp": "2025-07-14T16:30:39.294103"
}