{
  "env_type": "circles",
  "difficulty": "easy",
  "resolution": 0.05,
  "noise_level": 0.01,
  "workspace_bounds": [
    -1,
    11,
    -1,
    11
  ],
  "clustering_eps": 0.3,
  "min_samples": 5,
  "obstacle_type": "auto",
  "num_points": 490,
  "num_obstacles": 4,
  "seed": 1184,
  "environment_details": {
    "environment_type": "circle_only",
    "config": {
      "num_obstacles": 4,
      "obstacle_size_range": [
        0.25,
        0.45
      ],
      "density_level": "sparse",
      "complexity_level": "simple",
      "spatial_distribution": "center",
      "workspace_utilization": 0.4,
      "min_distance_factor": 1.8
    },
    "num_obstacles": 4,
    "obstacles": [
      {
        "id": 0,
        "position": [
          5.7026214599609375,
          3.8973350524902344
        ],
        "radius": 0.33281514048576355,
        "type": "circle"
      },
      {
        "id": 1,
        "position": [
          4.7709126472473145,
          3.5291459560394287
        ],
        "radius": 0.2192332148551941,
        "type": "circle"
      },
      {
        "id": 2,
        "position": [
          5.100204944610596,
          4.146359443664551
        ],
        "radius": 0.41576364636421204,
        "type": "circle"
      },
      {
        "id": 3,
        "position": [
          5.4569807052612305,
          4.684013843536377
        ],
        "radius": 0.26226112246513367,
        "type": "circle"
      }
    ],
    "workspace_bounds": [
      0,
      10,
      0,
      8
    ],
    "robot_base_position": [
      0,
      0
    ],
    "generation_timestamp": null
  },
  "generation_timestamp": "2025-07-14T16:21:12.920821"
}