{
  "env_type": "circles",
  "difficulty": "easy",
  "resolution": 0.05,
  "noise_level": 0.01,
  "workspace_bounds": [
    -1,
    11,
    -1,
    11
  ],
  "clustering_eps": 0.3,
  "min_samples": 5,
  "obstacle_type": "auto",
  "num_points": 344,
  "num_obstacles": 4,
  "seed": 7825,
  "environment_details": {
    "environment_type": "circle_only",
    "config": {
      "num_obstacles": 4,
      "obstacle_size_range": [
        0.15,
        0.35
      ],
      "density_level": "sparse",
      "complexity_level": "simple",
      "spatial_distribution": "distributed",
      "workspace_utilization": 0.4,
      "min_distance_factor": 1.8
    },
    "num_obstacles": 4,
    "obstacles": [
      {
        "id": 0,
        "position": [
          1.8964837789535522,
          1.381411075592041
        ],
        "radius": 0.14465777575969696,
        "type": "circle"
      },
      {
        "id": 1,
        "position": [
          2.3601694107055664,
          1.617169737815857
        ],
        "radius": 0.22349394857883453,
        "type": "circle"
      },
      {
        "id": 2,
        "position": [
          7.584774494171143,
          6.909152030944824
        ],
        "radius": 0.36222684383392334,
        "type": "circle"
      },
      {
        "id": 3,
        "position": [
          7.684202194213867,
          2.022423505783081
        ],
        "radius": 0.2679721713066101,
        "type": "circle"
      }
    ],
    "workspace_bounds": [
      0,
      10,
      0,
      8
    ],
    "robot_base_position": [
      0,
      0
    ],
    "generation_timestamp": null
  },
  "generation_timestamp": "2025-07-14T16:45:31.279530"
}