{
  "env_type": "circles",
  "difficulty": "easy",
  "resolution": 0.05,
  "noise_level": 0.01,
  "workspace_bounds": [
    -1,
    11,
    -1,
    11
  ],
  "clustering_eps": 0.3,
  "min_samples": 5,
  "obstacle_type": "auto",
  "num_points": 264,
  "num_obstacles": 4,
  "seed": 9034,
  "environment_details": {
    "environment_type": "circle_only",
    "config": {
      "num_obstacles": 4,
      "obstacle_size_range": [
        0.15,
        0.35
      ],
      "density_level": "sparse",
      "complexity_level": "simple",
      "spatial_distribution": "distributed",
      "workspace_utilization": 0.4,
      "min_distance_factor": 1.8
    },
    "num_obstacles": 4,
    "obstacles": [
      {
        "id": 0,
        "position": [
          1.4971184730529785,
          4.485119342803955
        ],
        "radius": 0.13398629426956177,
        "type": "circle"
      },
      {
        "id": 1,
        "position": [
          7.266016006469727,
          3.6465020179748535
        ],
        "radius": 0.2998865246772766,
        "type": "circle"
      },
      {
        "id": 2,
        "position": [
          7.6792378425598145,
          5.187627792358398
        ],
        "radius": 0.23886805772781372,
        "type": "circle"
      },
      {
        "id": 3,
        "position": [
          1.9525573253631592,
          0.8781647086143494
        ],
        "radius": 0.21201357245445251,
        "type": "circle"
      }
    ],
    "workspace_bounds": [
      0,
      10,
      0,
      8
    ],
    "robot_base_position": [
      0,
      0
    ],
    "generation_timestamp": null
  },
  "generation_timestamp": "2025-07-14T16:50:03.188179"
}