{
  "env_type": "circles",
  "difficulty": "easy",
  "resolution": 0.05,
  "noise_level": 0.01,
  "workspace_bounds": [
    -1,
    11,
    -1,
    11
  ],
  "clustering_eps": 0.3,
  "min_samples": 5,
  "obstacle_type": "auto",
  "num_points": 483,
  "num_obstacles": 4,
  "seed": 3475,
  "environment_details": {
    "environment_type": "circle_only",
    "config": {
      "num_obstacles": 4,
      "obstacle_size_range": [
        0.15,
        0.35
      ],
      "density_level": "sparse",
      "complexity_level": "simple",
      "spatial_distribution": "center",
      "workspace_utilization": 0.4,
      "min_distance_factor": 1.8
    },
    "num_obstacles": 4,
    "obstacles": [
      {
        "id": 0,
        "position": [
          4.777197360992432,
          4.182036876678467
        ],
        "radius": 0.34514492750167847,
        "type": "circle"
      },
      {
        "id": 1,
        "position": [
          5.580516815185547,
          3.407299757003784
        ],
        "radius": 0.3734351694583893,
        "type": "circle"
      },
      {
        "id": 2,
        "position": [
          6.115638732910156,
          4.707146644592285
        ],
        "radius": 0.2668483853340149,
        "type": "circle"
      },
      {
        "id": 3,
        "position": [
          4.786031723022461,
          3.4392213821411133
        ],
        "radius": 0.22816166281700134,
        "type": "circle"
      }
    ],
    "workspace_bounds": [
      0,
      10,
      0,
      8
    ],
    "robot_base_position": [
      0,
      0
    ],
    "generation_timestamp": null
  },
  "generation_timestamp": "2025-07-14T16:29:37.272764"
}