{
  "env_type": "circles",
  "difficulty": "easy",
  "resolution": 0.05,
  "noise_level": 0.01,
  "workspace_bounds": [
    -1,
    11,
    -1,
    11
  ],
  "clustering_eps": 0.3,
  "min_samples": 5,
  "obstacle_type": "auto",
  "num_points": 564,
  "num_obstacles": 4,
  "seed": 4425,
  "environment_details": {
    "environment_type": "circle_only",
    "config": {
      "num_obstacles": 4,
      "obstacle_size_range": [
        0.25,
        0.45
      ],
      "density_level": "sparse",
      "complexity_level": "simple",
      "spatial_distribution": "center",
      "workspace_utilization": 0.4,
      "min_distance_factor": 1.8
    },
    "num_obstacles": 4,
    "obstacles": [
      {
        "id": 0,
        "position": [
          4.7031779289245605,
          4.755173683166504
        ],
        "radius": 0.24150879681110382,
        "type": "circle"
      },
      {
        "id": 1,
        "position": [
          5.739236831665039,
          3.545437812805176
        ],
        "radius": 0.21869534254074097,
        "type": "circle"
      },
      {
        "id": 2,
        "position": [
          4.895853042602539,
          3.4532675743103027
        ],
        "radius": 0.44996124505996704,
        "type": "circle"
      },
      {
        "id": 3,
        "position": [
          5.502837181091309,
          4.290172576904297
        ],
        "radius": 0.37867072224617004,
        "type": "circle"
      }
    ],
    "workspace_bounds": [
      0,
      10,
      0,
      8
    ],
    "robot_base_position": [
      0,
      0
    ],
    "generation_timestamp": null
  },
  "generation_timestamp": "2025-07-14T16:33:00.562273"
}