{
  "env_type": "circles",
  "difficulty": "easy",
  "resolution": 0.05,
  "noise_level": 0.01,
  "workspace_bounds": [
    -1,
    11,
    -1,
    11
  ],
  "clustering_eps": 0.3,
  "min_samples": 5,
  "obstacle_type": "auto",
  "num_points": 197,
  "num_obstacles": 4,
  "seed": 8160,
  "environment_details": {
    "environment_type": "circle_only",
    "config": {
      "num_obstacles": 4,
      "obstacle_size_range": [
        0.15,
        0.35
      ],
      "density_level": "sparse",
      "complexity_level": "simple",
      "spatial_distribution": "distributed",
      "workspace_utilization": 0.4,
      "min_distance_factor": 1.8
    },
    "num_obstacles": 4,
    "obstacles": [
      {
        "id": 0,
        "position": [
          5.089702129364014,
          3.7732656002044678
        ],
        "radius": 0.1901005059480667,
        "type": "circle"
      },
      {
        "id": 1,
        "position": [
          2.008892059326172,
          1.132683515548706
        ],
        "radius": 0.22050972282886505,
        "type": "circle"
      },
      {
        "id": 2,
        "position": [
          7.474111557006836,
          2.8056511878967285
        ],
        "radius": 0.20557203888893127,
        "type": "circle"
      },
      {
        "id": 3,
        "position": [
          9.436386108398438,
          4.323023796081543
        ],
        "radius": 0.17270518839359283,
        "type": "circle"
      }
    ],
    "workspace_bounds": [
      0,
      10,
      0,
      8
    ],
    "robot_base_position": [
      0,
      0
    ],
    "generation_timestamp": null
  },
  "generation_timestamp": "2025-07-14T16:46:49.751587"
}