{
  "env_type": "circles",
  "difficulty": "random",
  "resolution": 0.05,
  "noise_level": 0.01,
  "workspace_bounds": [
    -1,
    11,
    -1,
    11
  ],
  "clustering_eps": 0.3,
  "min_samples": 5,
  "obstacle_type": "auto",
  "num_points": 911,
  "num_obstacles": 4,
  "seed": 2528,
  "environment_details": {
    "environment_type": "circle_only",
    "config": {
      "num_obstacles": 4,
      "obstacle_size_range": [
        0.1,
        0.5
      ],
      "density_level": "sparse",
      "complexity_level": "medium",
      "spatial_distribution": "center",
      "workspace_utilization": 0.43121131056937134,
      "min_distance_factor": 1.9001555415521565
    },
    "num_obstacles": 4,
    "obstacles": [
      {
        "id": 0,
        "position": [
          5.934935092926025,
          3.7800662517547607
        ],
        "radius": 0.5167003870010376,
        "type": "circle"
      },
      {
        "id": 1,
        "position": [
          5.278757095336914,
          3.5552284717559814
        ],
        "radius": 0.07150837033987045,
        "type": "circle"
      },
      {
        "id": 2,
        "position": [
          5.15006160736084,
          4.372159957885742
        ],
        "radius": 0.689502477645874,
        "type": "circle"
      },
      {
        "id": 3,
        "position": [
          4.335448741912842,
          3.5699474811553955
        ],
        "radius": 0.11637064814567566,
        "type": "circle"
      }
    ],
    "workspace_bounds": [
      0,
      10,
      0,
      8
    ],
    "robot_base_position": [
      0,
      0
    ],
    "generation_timestamp": null
  },
  "generation_timestamp": "2025-07-14T16:26:08.611409"
}