{
  "env_type": "circles",
  "difficulty": "easy",
  "resolution": 0.05,
  "noise_level": 0.01,
  "workspace_bounds": [
    -1,
    11,
    -1,
    11
  ],
  "clustering_eps": 0.3,
  "min_samples": 5,
  "obstacle_type": "auto",
  "num_points": 416,
  "num_obstacles": 4,
  "seed": 8835,
  "environment_details": {
    "environment_type": "circle_only",
    "config": {
      "num_obstacles": 4,
      "obstacle_size_range": [
        0.25,
        0.45
      ],
      "density_level": "sparse",
      "complexity_level": "simple",
      "spatial_distribution": "distributed",
      "workspace_utilization": 0.4,
      "min_distance_factor": 1.8
    },
    "num_obstacles": 4,
    "obstacles": [
      {
        "id": 0,
        "position": [
          9.256796836853027,
          1.0588035583496094
        ],
        "radius": 0.27695348858833313,
        "type": "circle"
      },
      {
        "id": 1,
        "position": [
          6.629863739013672,
          1.6342843770980835
        ],
        "radius": 0.24121075868606567,
        "type": "circle"
      },
      {
        "id": 2,
        "position": [
          3.4794042110443115,
          6.6155686378479
        ],
        "radius": 0.3328552544116974,
        "type": "circle"
      },
      {
        "id": 3,
        "position": [
          2.4253265857696533,
          6.9076337814331055
        ],
        "radius": 0.29041993618011475,
        "type": "circle"
      }
    ],
    "workspace_bounds": [
      0,
      10,
      0,
      8
    ],
    "robot_base_position": [
      0,
      0
    ],
    "generation_timestamp": null
  },
  "generation_timestamp": "2025-07-14T16:49:19.205145"
}