{
  "env_type": "circles",
  "difficulty": "easy",
  "resolution": 0.05,
  "noise_level": 0.01,
  "workspace_bounds": [
    -1,
    11,
    -1,
    11
  ],
  "clustering_eps": 0.3,
  "min_samples": 5,
  "obstacle_type": "auto",
  "num_points": 445,
  "num_obstacles": 4,
  "seed": 1741,
  "environment_details": {
    "environment_type": "circle_only",
    "config": {
      "num_obstacles": 4,
      "obstacle_size_range": [
        0.15,
        0.35
      ],
      "density_level": "sparse",
      "complexity_level": "simple",
      "spatial_distribution": "distributed",
      "workspace_utilization": 0.4,
      "min_distance_factor": 1.8
    },
    "num_obstacles": 4,
    "obstacles": [
      {
        "id": 0,
        "position": [
          3.9798672199249268,
          4.196348190307617
        ],
        "radius": 0.20122545957565308,
        "type": "circle"
      },
      {
        "id": 1,
        "position": [
          1.1736516952514648,
          7.060354709625244
        ],
        "radius": 0.20848248898983002,
        "type": "circle"
      },
      {
        "id": 2,
        "position": [
          3.7128145694732666,
          6.752984523773193
        ],
        "radius": 0.376642644405365,
        "type": "circle"
      },
      {
        "id": 3,
        "position": [
          5.834798336029053,
          1.0768793821334839
        ],
        "radius": 0.35470592975616455,
        "type": "circle"
      }
    ],
    "workspace_bounds": [
      0,
      10,
      0,
      8
    ],
    "robot_base_position": [
      0,
      0
    ],
    "generation_timestamp": null
  },
  "generation_timestamp": "2025-07-14T16:23:12.352802"
}