{
  "env_type": "circles",
  "difficulty": "random",
  "resolution": 0.05,
  "noise_level": 0.01,
  "workspace_bounds": [
    -1,
    11,
    -1,
    11
  ],
  "clustering_eps": 0.3,
  "min_samples": 5,
  "obstacle_type": "auto",
  "num_points": 4252,
  "num_obstacles": 4,
  "seed": 8451,
  "environment_details": {
    "environment_type": "circle_only",
    "config": {
      "num_obstacles": 4,
      "obstacle_size_range": [
        0.7,
        1.0
      ],
      "density_level": "sparse",
      "complexity_level": "simple",
      "spatial_distribution": "edge",
      "workspace_utilization": 0.30535825892154994,
      "min_distance_factor": 1.7860292572756151
    },
    "num_obstacles": 4,
    "obstacles": [
      {
        "id": 0,
        "position": [
          2.4440085887908936,
          2.2710976600646973
        ],
        "radius": 1.0984853506088257,
        "type": "circle"
      },
      {
        "id": 1,
        "position": [
          1.6116195917129517,
          0.7043900489807129
        ],
        "radius": 0.8771988749504089,
        "type": "circle"
      },
      {
        "id": 2,
        "position": [
          9.224963188171387,
          0.6792348623275757
        ],
        "radius": 0.8995885252952576,
        "type": "circle"
      },
      {
        "id": 3,
        "position": [
          8.23216438293457,
          2.9696409702301025
        ],
        "radius": 0.7894106507301331,
        "type": "circle"
      }
    ],
    "workspace_bounds": [
      0,
      10,
      0,
      8
    ],
    "robot_base_position": [
      0,
      0
    ],
    "generation_timestamp": null
  },
  "generation_timestamp": "2025-07-14T16:47:54.446737"
}