{
  "env_type": "circles",
  "difficulty": "easy",
  "resolution": 0.05,
  "noise_level": 0.01,
  "workspace_bounds": [
    -1,
    11,
    -1,
    11
  ],
  "clustering_eps": 0.3,
  "min_samples": 5,
  "obstacle_type": "auto",
  "num_points": 655,
  "num_obstacles": 4,
  "seed": 9795,
  "environment_details": {
    "environment_type": "circle_only",
    "config": {
      "num_obstacles": 4,
      "obstacle_size_range": [
        0.25,
        0.45
      ],
      "density_level": "sparse",
      "complexity_level": "simple",
      "spatial_distribution": "center",
      "workspace_utilization": 0.4,
      "min_distance_factor": 1.8
    },
    "num_obstacles": 4,
    "obstacles": [
      {
        "id": 0,
        "position": [
          5.1278886795043945,
          3.6325299739837646
        ],
        "radius": 0.305133581161499,
        "type": "circle"
      },
      {
        "id": 1,
        "position": [
          5.992923736572266,
          3.5558412075042725
        ],
        "radius": 0.4746013283729553,
        "type": "circle"
      },
      {
        "id": 2,
        "position": [
          4.645902633666992,
          4.476245880126953
        ],
        "radius": 0.36669600009918213,
        "type": "circle"
      },
      {
        "id": 3,
        "position": [
          6.094386577606201,
          4.413201808929443
        ],
        "radius": 0.26180240511894226,
        "type": "circle"
      }
    ],
    "workspace_bounds": [
      0,
      10,
      0,
      8
    ],
    "robot_base_position": [
      0,
      0
    ],
    "generation_timestamp": null
  },
  "generation_timestamp": "2025-07-14T16:52:40.624060"
}