{
  "env_type": "circles",
  "difficulty": "random",
  "resolution": 0.05,
  "noise_level": 0.01,
  "workspace_bounds": [
    -1,
    11,
    -1,
    11
  ],
  "clustering_eps": 0.3,
  "min_samples": 5,
  "obstacle_type": "auto",
  "num_points": 1348,
  "num_obstacles": 4,
  "seed": 8022,
  "environment_details": {
    "environment_type": "circle_only",
    "config": {
      "num_obstacles": 4,
      "obstacle_size_range": [
        0.35,
        0.65
      ],
      "density_level": "dense",
      "complexity_level": "medium",
      "spatial_distribution": "clusters",
      "workspace_utilization": 0.3968221168962418,
      "min_distance_factor": 0.4753909030062142
    },
    "num_obstacles": 4,
    "obstacles": [
      {
        "id": 0,
        "position": [
          8.473172187805176,
          6.496956825256348
        ],
        "radius": 0.4900277853012085,
        "type": "circle"
      },
      {
        "id": 1,
        "position": [
          8.10605239868164,
          6.358521938323975
        ],
        "radius": 0.5246738791465759,
        "type": "circle"
      },
      {
        "id": 2,
        "position": [
          6.447091579437256,
          2.7523491382598877
        ],
        "radius": 0.4251985549926758,
        "type": "circle"
      },
      {
        "id": 3,
        "position": [
          4.357087135314941,
          3.7025725841522217
        ],
        "radius": 0.7129846215248108,
        "type": "circle"
      }
    ],
    "workspace_bounds": [
      0,
      10,
      0,
      8
    ],
    "robot_base_position": [
      0,
      0
    ],
    "generation_timestamp": null
  },
  "generation_timestamp": "2025-07-14T16:46:16.897374"
}