{
  "env_type": "circles",
  "difficulty": "easy",
  "resolution": 0.05,
  "noise_level": 0.01,
  "workspace_bounds": [
    -1,
    11,
    -1,
    11
  ],
  "clustering_eps": 0.3,
  "min_samples": 5,
  "obstacle_type": "auto",
  "num_points": 325,
  "num_obstacles": 4,
  "seed": 6487,
  "environment_details": {
    "environment_type": "circle_only",
    "config": {
      "num_obstacles": 4,
      "obstacle_size_range": [
        0.15,
        0.35
      ],
      "density_level": "sparse",
      "complexity_level": "simple",
      "spatial_distribution": "distributed",
      "workspace_utilization": 0.4,
      "min_distance_factor": 1.8
    },
    "num_obstacles": 4,
    "obstacles": [
      {
        "id": 0,
        "position": [
          2.8256027698516846,
          0.7848304510116577
        ],
        "radius": 0.2386675477027893,
        "type": "circle"
      },
      {
        "id": 1,
        "position": [
          1.832013487815857,
          6.325984001159668
        ],
        "radius": 0.3764718174934387,
        "type": "circle"
      },
      {
        "id": 2,
        "position": [
          5.493494987487793,
          2.783783197402954
        ],
        "radius": 0.20832030475139618,
        "type": "circle"
      },
      {
        "id": 3,
        "position": [
          1.8349493741989136,
          3.0805258750915527
        ],
        "radius": 0.12267260253429413,
        "type": "circle"
      }
    ],
    "workspace_bounds": [
      0,
      10,
      0,
      8
    ],
    "robot_base_position": [
      0,
      0
    ],
    "generation_timestamp": null
  },
  "generation_timestamp": "2025-07-14T16:40:38.703533"
}