{
  "env_type": "circles",
  "difficulty": "easy",
  "resolution": 0.05,
  "noise_level": 0.01,
  "workspace_bounds": [
    -1,
    11,
    -1,
    11
  ],
  "clustering_eps": 0.3,
  "min_samples": 5,
  "obstacle_type": "auto",
  "num_points": 362,
  "num_obstacles": 4,
  "seed": 5471,
  "environment_details": {
    "environment_type": "circle_only",
    "config": {
      "num_obstacles": 4,
      "obstacle_size_range": [
        0.15,
        0.35
      ],
      "density_level": "sparse",
      "complexity_level": "simple",
      "spatial_distribution": "center",
      "workspace_utilization": 0.4,
      "min_distance_factor": 1.8
    },
    "num_obstacles": 4,
    "obstacles": [
      {
        "id": 0,
        "position": [
          5.057690143585205,
          3.99609637260437
        ],
        "radius": 0.38185951113700867,
        "type": "circle"
      },
      {
        "id": 1,
        "position": [
          5.7484283447265625,
          4.487164497375488
        ],
        "radius": 0.28075650334358215,
        "type": "circle"
      },
      {
        "id": 2,
        "position": [
          4.862619400024414,
          3.500134229660034
        ],
        "radius": 0.17635874450206757,
        "type": "circle"
      },
      {
        "id": 3,
        "position": [
          6.169248580932617,
          4.251364707946777
        ],
        "radius": 0.18255367875099182,
        "type": "circle"
      }
    ],
    "workspace_bounds": [
      0,
      10,
      0,
      8
    ],
    "robot_base_position": [
      0,
      0
    ],
    "generation_timestamp": null
  },
  "generation_timestamp": "2025-07-14T16:36:50.787089"
}