{
  "env_type": "circles",
  "difficulty": "easy",
  "resolution": 0.05,
  "noise_level": 0.01,
  "workspace_bounds": [
    -1,
    11,
    -1,
    11
  ],
  "clustering_eps": 0.3,
  "min_samples": 5,
  "obstacle_type": "auto",
  "num_points": 562,
  "num_obstacles": 4,
  "seed": 6005,
  "environment_details": {
    "environment_type": "circle_only",
    "config": {
      "num_obstacles": 4,
      "obstacle_size_range": [
        0.25,
        0.45
      ],
      "density_level": "sparse",
      "complexity_level": "simple",
      "spatial_distribution": "distributed",
      "workspace_utilization": 0.4,
      "min_distance_factor": 1.8
    },
    "num_obstacles": 4,
    "obstacles": [
      {
        "id": 0,
        "position": [
          7.435920715332031,
          1.0264687538146973
        ],
        "radius": 0.23184825479984283,
        "type": "circle"
      },
      {
        "id": 1,
        "position": [
          9.358500480651855,
          2.0895111560821533
        ],
        "radius": 0.3892619013786316,
        "type": "circle"
      },
      {
        "id": 2,
        "position": [
          5.955026149749756,
          2.424454927444458
        ],
        "radius": 0.36449697613716125,
        "type": "circle"
      },
      {
        "id": 3,
        "position": [
          2.8418030738830566,
          3.5203654766082764
        ],
        "radius": 0.3351457417011261,
        "type": "circle"
      }
    ],
    "workspace_bounds": [
      0,
      10,
      0,
      8
    ],
    "robot_base_position": [
      0,
      0
    ],
    "generation_timestamp": null
  },
  "generation_timestamp": "2025-07-14T16:38:55.126136"
}