{
  "env_type": "circles",
  "difficulty": "easy",
  "resolution": 0.05,
  "noise_level": 0.01,
  "workspace_bounds": [
    -1,
    11,
    -1,
    11
  ],
  "clustering_eps": 0.3,
  "min_samples": 5,
  "obstacle_type": "auto",
  "num_points": 678,
  "num_obstacles": 4,
  "seed": 3334,
  "environment_details": {
    "environment_type": "circle_only",
    "config": {
      "num_obstacles": 4,
      "obstacle_size_range": [
        0.25,
        0.45
      ],
      "density_level": "sparse",
      "complexity_level": "simple",
      "spatial_distribution": "center",
      "workspace_utilization": 0.4,
      "min_distance_factor": 1.8
    },
    "num_obstacles": 4,
    "obstacles": [
      {
        "id": 0,
        "position": [
          5.652503490447998,
          3.2861289978027344
        ],
        "radius": 0.34310296177864075,
        "type": "circle"
      },
      {
        "id": 1,
        "position": [
          5.8674774169921875,
          3.989051103591919
        ],
        "radius": 0.3709282875061035,
        "type": "circle"
      },
      {
        "id": 2,
        "position": [
          4.4787750244140625,
          3.2970926761627197
        ],
        "radius": 0.4882306456565857,
        "type": "circle"
      },
      {
        "id": 3,
        "position": [
          4.65772819519043,
          4.746568202972412
        ],
        "radius": 0.21259665489196777,
        "type": "circle"
      }
    ],
    "workspace_bounds": [
      0,
      10,
      0,
      8
    ],
    "robot_base_position": [
      0,
      0
    ],
    "generation_timestamp": null
  },
  "generation_timestamp": "2025-07-14T16:29:08.144682"
}