{
  "env_type": "circles",
  "difficulty": "easy",
  "resolution": 0.05,
  "noise_level": 0.01,
  "workspace_bounds": [
    -1,
    11,
    -1,
    11
  ],
  "clustering_eps": 0.3,
  "min_samples": 5,
  "obstacle_type": "auto",
  "num_points": 296,
  "num_obstacles": 4,
  "seed": 6312,
  "environment_details": {
    "environment_type": "circle_only",
    "config": {
      "num_obstacles": 4,
      "obstacle_size_range": [
        0.15,
        0.35
      ],
      "density_level": "sparse",
      "complexity_level": "simple",
      "spatial_distribution": "center",
      "workspace_utilization": 0.4,
      "min_distance_factor": 1.8
    },
    "num_obstacles": 4,
    "obstacles": [
      {
        "id": 0,
        "position": [
          5.885561943054199,
          3.5741214752197266
        ],
        "radius": 0.35761356353759766,
        "type": "circle"
      },
      {
        "id": 1,
        "position": [
          5.784794807434082,
          4.698134899139404
        ],
        "radius": 0.1768457442522049,
        "type": "circle"
      },
      {
        "id": 2,
        "position": [
          4.844381809234619,
          3.503699779510498
        ],
        "radius": 0.2388901263475418,
        "type": "circle"
      },
      {
        "id": 3,
        "position": [
          5.437117576599121,
          3.3401458263397217
        ],
        "radius": 0.14563746750354767,
        "type": "circle"
      }
    ],
    "workspace_bounds": [
      0,
      10,
      0,
      8
    ],
    "robot_base_position": [
      0,
      0
    ],
    "generation_timestamp": null
  },
  "generation_timestamp": "2025-07-14T16:40:00.781779"
}