{
  "env_type": "circles",
  "difficulty": "random",
  "resolution": 0.05,
  "noise_level": 0.01,
  "workspace_bounds": [
    -1,
    11,
    -1,
    11
  ],
  "clustering_eps": 0.3,
  "min_samples": 5,
  "obstacle_type": "auto",
  "num_points": 690,
  "num_obstacles": 4,
  "seed": 1762,
  "environment_details": {
    "environment_type": "circle_only",
    "config": {
      "num_obstacles": 4,
      "obstacle_size_range": [
        0.25,
        0.45
      ],
      "density_level": "sparse",
      "complexity_level": "simple",
      "spatial_distribution": "arc",
      "workspace_utilization": 0.2775721998424586,
      "min_distance_factor": 1.8627633212456345
    },
    "num_obstacles": 4,
    "obstacles": [
      {
        "id": 0,
        "position": [
          9.419881820678711,
          3.302800178527832
        ],
        "radius": 0.2781303822994232,
        "type": "circle"
      },
      {
        "id": 1,
        "position": [
          2.530853271484375,
          6.595007419586182
        ],
        "radius": 0.3691299855709076,
        "type": "circle"
      },
      {
        "id": 2,
        "position": [
          5.063368320465088,
          4.156511306762695
        ],
        "radius": 0.5094783306121826,
        "type": "circle"
      },
      {
        "id": 3,
        "position": [
          4.853031158447266,
          5.747251033782959
        ],
        "radius": 0.27141258120536804,
        "type": "circle"
      }
    ],
    "workspace_bounds": [
      0,
      10,
      0,
      8
    ],
    "robot_base_position": [
      0,
      0
    ],
    "generation_timestamp": null
  },
  "generation_timestamp": "2025-07-14T16:23:17.887799"
}