{
  "env_type": "circles",
  "difficulty": "random",
  "resolution": 0.05,
  "noise_level": 0.01,
  "workspace_bounds": [
    -1,
    11,
    -1,
    11
  ],
  "clustering_eps": 0.3,
  "min_samples": 5,
  "obstacle_type": "auto",
  "num_points": 564,
  "num_obstacles": 4,
  "seed": 585,
  "environment_details": {
    "environment_type": "circle_only",
    "config": {
      "num_obstacles": 4,
      "obstacle_size_range": [
        0.35,
        0.65
      ],
      "density_level": "medium",
      "complexity_level": "complex",
      "spatial_distribution": "edge",
      "workspace_utilization": 0.3340839071990357,
      "min_distance_factor": 1.358361507203776
    },
    "num_obstacles": 4,
    "obstacles": [
      {
        "id": 0,
        "position": [
          2.845301866531372,
          0.507588267326355
        ],
        "radius": 0.3472931683063507,
        "type": "circle"
      },
      {
        "id": 1,
        "position": [
          3.371657133102417,
          2.461911916732788
        ],
        "radius": 0.40920794010162354,
        "type": "circle"
      },
      {
        "id": 2,
        "position": [
          2.7586703300476074,
          1.7750461101531982
        ],
        "radius": 0.12979423999786377,
        "type": "circle"
      },
      {
        "id": 3,
        "position": [
          1.7161401510238647,
          1.7188165187835693
        ],
        "radius": 0.3837295174598694,
        "type": "circle"
      }
    ],
    "workspace_bounds": [
      0,
      10,
      0,
      8
    ],
    "robot_base_position": [
      0,
      0
    ],
    "generation_timestamp": null
  },
  "generation_timestamp": "2025-07-14T16:18:58.165299"
}