{
  "env_type": "circles",
  "difficulty": "easy",
  "resolution": 0.05,
  "noise_level": 0.01,
  "workspace_bounds": [
    -1,
    11,
    -1,
    11
  ],
  "clustering_eps": 0.3,
  "min_samples": 5,
  "obstacle_type": "auto",
  "num_points": 263,
  "num_obstacles": 4,
  "seed": 8169,
  "environment_details": {
    "environment_type": "circle_only",
    "config": {
      "num_obstacles": 4,
      "obstacle_size_range": [
        0.15,
        0.35
      ],
      "density_level": "sparse",
      "complexity_level": "simple",
      "spatial_distribution": "center",
      "workspace_utilization": 0.4,
      "min_distance_factor": 1.8
    },
    "num_obstacles": 4,
    "obstacles": [
      {
        "id": 0,
        "position": [
          4.599155426025391,
          3.641564130783081
        ],
        "radius": 0.2259267419576645,
        "type": "circle"
      },
      {
        "id": 1,
        "position": [
          5.6764607429504395,
          4.671622276306152
        ],
        "radius": 0.19066251814365387,
        "type": "circle"
      },
      {
        "id": 2,
        "position": [
          5.911824703216553,
          3.3911209106445312
        ],
        "radius": 0.19034339487552643,
        "type": "circle"
      },
      {
        "id": 3,
        "position": [
          6.208470821380615,
          3.792698860168457
        ],
        "radius": 0.29244324564933777,
        "type": "circle"
      }
    ],
    "workspace_bounds": [
      0,
      10,
      0,
      8
    ],
    "robot_base_position": [
      0,
      0
    ],
    "generation_timestamp": null
  },
  "generation_timestamp": "2025-07-14T16:46:51.644794"
}