{
  "env_type": "circles",
  "difficulty": "easy",
  "resolution": 0.05,
  "noise_level": 0.01,
  "workspace_bounds": [
    -1,
    11,
    -1,
    11
  ],
  "clustering_eps": 0.3,
  "min_samples": 5,
  "obstacle_type": "auto",
  "num_points": 617,
  "num_obstacles": 4,
  "seed": 3577,
  "environment_details": {
    "environment_type": "circle_only",
    "config": {
      "num_obstacles": 4,
      "obstacle_size_range": [
        0.25,
        0.45
      ],
      "density_level": "sparse",
      "complexity_level": "simple",
      "spatial_distribution": "center",
      "workspace_utilization": 0.4,
      "min_distance_factor": 1.8
    },
    "num_obstacles": 4,
    "obstacles": [
      {
        "id": 0,
        "position": [
          5.874015808105469,
          4.591048240661621
        ],
        "radius": 0.2254214584827423,
        "type": "circle"
      },
      {
        "id": 1,
        "position": [
          4.312562465667725,
          4.1339521408081055
        ],
        "radius": 0.3083454370498657,
        "type": "circle"
      },
      {
        "id": 2,
        "position": [
          4.353661060333252,
          3.255587339401245
        ],
        "radius": 0.33994558453559875,
        "type": "circle"
      },
      {
        "id": 3,
        "position": [
          5.574636459350586,
          3.6509814262390137
        ],
        "radius": 0.48272043466567993,
        "type": "circle"
      }
    ],
    "workspace_bounds": [
      0,
      10,
      0,
      8
    ],
    "robot_base_position": [
      0,
      0
    ],
    "generation_timestamp": null
  },
  "generation_timestamp": "2025-07-14T16:29:59.128337"
}