{
  "env_type": "circles",
  "difficulty": "easy",
  "resolution": 0.05,
  "noise_level": 0.01,
  "workspace_bounds": [
    -1,
    11,
    -1,
    11
  ],
  "clustering_eps": 0.3,
  "min_samples": 5,
  "obstacle_type": "auto",
  "num_points": 468,
  "num_obstacles": 4,
  "seed": 3314,
  "environment_details": {
    "environment_type": "circle_only",
    "config": {
      "num_obstacles": 4,
      "obstacle_size_range": [
        0.15,
        0.35
      ],
      "density_level": "sparse",
      "complexity_level": "simple",
      "spatial_distribution": "center",
      "workspace_utilization": 0.4,
      "min_distance_factor": 1.8
    },
    "num_obstacles": 4,
    "obstacles": [
      {
        "id": 0,
        "position": [
          5.746860980987549,
          4.6554436683654785
        ],
        "radius": 0.2996376156806946,
        "type": "circle"
      },
      {
        "id": 1,
        "position": [
          5.923672199249268,
          3.9137821197509766
        ],
        "radius": 0.4206309914588928,
        "type": "circle"
      },
      {
        "id": 2,
        "position": [
          5.074900150299072,
          3.9444549083709717
        ],
        "radius": 0.15691842138767242,
        "type": "circle"
      },
      {
        "id": 3,
        "position": [
          5.372425556182861,
          4.311812877655029
        ],
        "radius": 0.30257001519203186,
        "type": "circle"
      }
    ],
    "workspace_bounds": [
      0,
      10,
      0,
      8
    ],
    "robot_base_position": [
      0,
      0
    ],
    "generation_timestamp": null
  },
  "generation_timestamp": "2025-07-14T16:29:04.592579"
}