{
  "env_type": "circles",
  "difficulty": "easy",
  "resolution": 0.05,
  "noise_level": 0.01,
  "workspace_bounds": [
    -1,
    11,
    -1,
    11
  ],
  "clustering_eps": 0.3,
  "min_samples": 5,
  "obstacle_type": "auto",
  "num_points": 582,
  "num_obstacles": 4,
  "seed": 8867,
  "environment_details": {
    "environment_type": "circle_only",
    "config": {
      "num_obstacles": 4,
      "obstacle_size_range": [
        0.15,
        0.35
      ],
      "density_level": "sparse",
      "complexity_level": "simple",
      "spatial_distribution": "center",
      "workspace_utilization": 0.4,
      "min_distance_factor": 1.8
    },
    "num_obstacles": 4,
    "obstacles": [
      {
        "id": 0,
        "position": [
          5.00760555267334,
          4.823904037475586
        ],
        "radius": 0.32646337151527405,
        "type": "circle"
      },
      {
        "id": 1,
        "position": [
          4.720779895782471,
          3.807983875274658
        ],
        "radius": 0.3604891896247864,
        "type": "circle"
      },
      {
        "id": 2,
        "position": [
          5.881509304046631,
          4.734786033630371
        ],
        "radius": 0.29642653465270996,
        "type": "circle"
      },
      {
        "id": 3,
        "position": [
          4.251983642578125,
          3.7355942726135254
        ],
        "radius": 0.42247116565704346,
        "type": "circle"
      }
    ],
    "workspace_bounds": [
      0,
      10,
      0,
      8
    ],
    "robot_base_position": [
      0,
      0
    ],
    "generation_timestamp": null
  },
  "generation_timestamp": "2025-07-14T16:49:26.634198"
}