{
  "env_type": "circles",
  "difficulty": "easy",
  "resolution": 0.05,
  "noise_level": 0.01,
  "workspace_bounds": [
    -1,
    11,
    -1,
    11
  ],
  "clustering_eps": 0.3,
  "min_samples": 5,
  "obstacle_type": "auto",
  "num_points": 382,
  "num_obstacles": 4,
  "seed": 146,
  "environment_details": {
    "environment_type": "circle_only",
    "config": {
      "num_obstacles": 4,
      "obstacle_size_range": [
        0.15,
        0.35
      ],
      "density_level": "sparse",
      "complexity_level": "simple",
      "spatial_distribution": "distributed",
      "workspace_utilization": 0.4,
      "min_distance_factor": 1.8
    },
    "num_obstacles": 4,
    "obstacles": [
      {
        "id": 0,
        "position": [
          4.516642093658447,
          6.062324523925781
        ],
        "radius": 0.3213289976119995,
        "type": "circle"
      },
      {
        "id": 1,
        "position": [
          7.009775638580322,
          3.4849014282226562
        ],
        "radius": 0.19880588352680206,
        "type": "circle"
      },
      {
        "id": 2,
        "position": [
          9.330434799194336,
          7.0710577964782715
        ],
        "radius": 0.3433491587638855,
        "type": "circle"
      },
      {
        "id": 3,
        "position": [
          1.6291580200195312,
          0.7672041058540344
        ],
        "radius": 0.19781731069087982,
        "type": "circle"
      }
    ],
    "workspace_bounds": [
      0,
      10,
      0,
      8
    ],
    "robot_base_position": [
      0,
      0
    ],
    "generation_timestamp": null
  },
  "generation_timestamp": "2025-07-14T16:17:25.828582"
}