{
  "env_type": "circles",
  "difficulty": "easy",
  "resolution": 0.05,
  "noise_level": 0.01,
  "workspace_bounds": [
    -1,
    11,
    -1,
    11
  ],
  "clustering_eps": 0.3,
  "min_samples": 5,
  "obstacle_type": "auto",
  "num_points": 452,
  "num_obstacles": 4,
  "seed": 7267,
  "environment_details": {
    "environment_type": "circle_only",
    "config": {
      "num_obstacles": 4,
      "obstacle_size_range": [
        0.15,
        0.35
      ],
      "density_level": "sparse",
      "complexity_level": "simple",
      "spatial_distribution": "distributed",
      "workspace_utilization": 0.4,
      "min_distance_factor": 1.8
    },
    "num_obstacles": 4,
    "obstacles": [
      {
        "id": 0,
        "position": [
          2.2455196380615234,
          4.452552318572998
        ],
        "radius": 0.23276808857917786,
        "type": "circle"
      },
      {
        "id": 1,
        "position": [
          5.933517932891846,
          2.7655467987060547
        ],
        "radius": 0.37969040870666504,
        "type": "circle"
      },
      {
        "id": 2,
        "position": [
          4.0841240882873535,
          6.545052528381348
        ],
        "radius": 0.26375433802604675,
        "type": "circle"
      },
      {
        "id": 3,
        "position": [
          8.032004356384277,
          2.1757471561431885
        ],
        "radius": 0.3012374937534332,
        "type": "circle"
      }
    ],
    "workspace_bounds": [
      0,
      10,
      0,
      8
    ],
    "robot_base_position": [
      0,
      0
    ],
    "generation_timestamp": null
  },
  "generation_timestamp": "2025-07-14T16:43:26.524917"
}