{
  "env_type": "circles",
  "difficulty": "random",
  "resolution": 0.05,
  "noise_level": 0.01,
  "workspace_bounds": [
    -1,
    11,
    -1,
    11
  ],
  "clustering_eps": 0.3,
  "min_samples": 5,
  "obstacle_type": "auto",
  "num_points": 5341,
  "num_obstacles": 4,
  "seed": 6621,
  "environment_details": {
    "environment_type": "circle_only",
    "config": {
      "num_obstacles": 4,
      "obstacle_size_range": [
        0.9,
        1.3
      ],
      "density_level": "dense",
      "complexity_level": "simple",
      "spatial_distribution": "edge",
      "workspace_utilization": 0.41251280866197904,
      "min_distance_factor": 0.4208926056414925
    },
    "num_obstacles": 4,
    "obstacles": [
      {
        "id": 0,
        "position": [
          2.4201552867889404,
          1.8378872871398926
        ],
        "radius": 1.191613793373108,
        "type": "circle"
      },
      {
        "id": 1,
        "position": [
          1.6431803703308105,
          4.682897090911865
        ],
        "radius": 1.129897117614746,
        "type": "circle"
      },
      {
        "id": 2,
        "position": [
          1.7316622734069824,
          7.157934665679932
        ],
        "radius": 0.9217972755432129,
        "type": "circle"
      },
      {
        "id": 3,
        "position": [
          8.675102233886719,
          1.730146884918213
        ],
        "radius": 0.8336672782897949,
        "type": "circle"
      }
    ],
    "workspace_bounds": [
      0,
      10,
      0,
      8
    ],
    "robot_base_position": [
      0,
      0
    ],
    "generation_timestamp": null
  },
  "generation_timestamp": "2025-07-14T16:41:09.335739"
}