{
  "env_type": "circles",
  "difficulty": "easy",
  "resolution": 0.05,
  "noise_level": 0.01,
  "workspace_bounds": [
    -1,
    11,
    -1,
    11
  ],
  "clustering_eps": 0.3,
  "min_samples": 5,
  "obstacle_type": "auto",
  "num_points": 210,
  "num_obstacles": 4,
  "seed": 4207,
  "environment_details": {
    "environment_type": "circle_only",
    "config": {
      "num_obstacles": 4,
      "obstacle_size_range": [
        0.15,
        0.35
      ],
      "density_level": "sparse",
      "complexity_level": "simple",
      "spatial_distribution": "center",
      "workspace_utilization": 0.4,
      "min_distance_factor": 1.8
    },
    "num_obstacles": 4,
    "obstacles": [
      {
        "id": 0,
        "position": [
          5.824202537536621,
          3.954099178314209
        ],
        "radius": 0.23389771580696106,
        "type": "circle"
      },
      {
        "id": 1,
        "position": [
          5.227324962615967,
          4.7316436767578125
        ],
        "radius": 0.17695264518260956,
        "type": "circle"
      },
      {
        "id": 2,
        "position": [
          4.338560581207275,
          4.385128021240234
        ],
        "radius": 0.22362995147705078,
        "type": "circle"
      },
      {
        "id": 3,
        "position": [
          4.759553909301758,
          4.563141345977783
        ],
        "radius": 0.16735458374023438,
        "type": "circle"
      }
    ],
    "workspace_bounds": [
      0,
      10,
      0,
      8
    ],
    "robot_base_position": [
      0,
      0
    ],
    "generation_timestamp": null
  },
  "generation_timestamp": "2025-07-14T16:32:14.114870"
}