{
  "env_type": "circles",
  "difficulty": "easy",
  "resolution": 0.05,
  "noise_level": 0.01,
  "workspace_bounds": [
    -1,
    11,
    -1,
    11
  ],
  "clustering_eps": 0.3,
  "min_samples": 5,
  "obstacle_type": "auto",
  "num_points": 869,
  "num_obstacles": 4,
  "seed": 2743,
  "environment_details": {
    "environment_type": "circle_only",
    "config": {
      "num_obstacles": 4,
      "obstacle_size_range": [
        0.25,
        0.45
      ],
      "density_level": "sparse",
      "complexity_level": "simple",
      "spatial_distribution": "center",
      "workspace_utilization": 0.4,
      "min_distance_factor": 1.8
    },
    "num_obstacles": 4,
    "obstacles": [
      {
        "id": 0,
        "position": [
          5.506882667541504,
          4.4724555015563965
        ],
        "radius": 0.3095238208770752,
        "type": "circle"
      },
      {
        "id": 1,
        "position": [
          4.3619585037231445,
          3.3170385360717773
        ],
        "radius": 0.48905256390571594,
        "type": "circle"
      },
      {
        "id": 2,
        "position": [
          6.173018455505371,
          4.391729354858398
        ],
        "radius": 0.39865314960479736,
        "type": "circle"
      },
      {
        "id": 3,
        "position": [
          6.238928318023682,
          3.4262824058532715
        ],
        "radius": 0.4468314051628113,
        "type": "circle"
      }
    ],
    "workspace_bounds": [
      0,
      10,
      0,
      8
    ],
    "robot_base_position": [
      0,
      0
    ],
    "generation_timestamp": null
  },
  "generation_timestamp": "2025-07-14T16:26:53.976880"
}