{
  "env_type": "circles",
  "difficulty": "random",
  "resolution": 0.05,
  "noise_level": 0.01,
  "workspace_bounds": [
    -1,
    11,
    -1,
    11
  ],
  "clustering_eps": 0.3,
  "min_samples": 5,
  "obstacle_type": "auto",
  "num_points": 134,
  "num_obstacles": 4,
  "seed": 9512,
  "environment_details": {
    "environment_type": "circle_only",
    "config": {
      "num_obstacles": 4,
      "obstacle_size_range": [
        0.1,
        0.2
      ],
      "density_level": "dense",
      "complexity_level": "medium",
      "spatial_distribution": "arc",
      "workspace_utilization": 0.4150575397422516,
      "min_distance_factor": 0.3097711291615703
    },
    "num_obstacles": 4,
    "obstacles": [
      {
        "id": 0,
        "position": [
          1.1406729221343994,
          2.126190423965454
        ],
        "radius": 0.20799846947193146,
        "type": "circle"
      },
      {
        "id": 1,
        "position": [
          3.0039124488830566,
          5.349028587341309
        ],
        "radius": 0.1855013072490692,
        "type": "circle"
      },
      {
        "id": 2,
        "position": [
          4.351395606994629,
          2.3225669860839844
        ],
        "radius": 0.1319085657596588,
        "type": "circle"
      },
      {
        "id": 3,
        "position": [
          7.685190200805664,
          1.2066045999526978
        ],
        "radius": 0.094170942902565,
        "type": "circle"
      }
    ],
    "workspace_bounds": [
      0,
      10,
      0,
      8
    ],
    "robot_base_position": [
      0,
      0
    ],
    "generation_timestamp": null
  },
  "generation_timestamp": "2025-07-14T16:51:41.715393"
}