{
  "env_type": "circles",
  "difficulty": "random",
  "resolution": 0.05,
  "noise_level": 0.01,
  "workspace_bounds": [
    -1,
    11,
    -1,
    11
  ],
  "clustering_eps": 0.3,
  "min_samples": 5,
  "obstacle_type": "auto",
  "num_points": 661,
  "num_obstacles": 4,
  "seed": 1389,
  "environment_details": {
    "environment_type": "circle_only",
    "config": {
      "num_obstacles": 4,
      "obstacle_size_range": [
        0.25,
        0.45
      ],
      "density_level": "medium",
      "complexity_level": "simple",
      "spatial_distribution": "center",
      "workspace_utilization": 0.41267066711347544,
      "min_distance_factor": 1.4319721908100367
    },
    "num_obstacles": 4,
    "obstacles": [
      {
        "id": 0,
        "position": [
          4.331470489501953,
          4.189767837524414
        ],
        "radius": 0.35309702157974243,
        "type": "circle"
      },
      {
        "id": 1,
        "position": [
          5.937751293182373,
          3.9235734939575195
        ],
        "radius": 0.28812265396118164,
        "type": "circle"
      },
      {
        "id": 2,
        "position": [
          4.367306709289551,
          4.793069362640381
        ],
        "radius": 0.42011797428131104,
        "type": "circle"
      },
      {
        "id": 3,
        "position": [
          5.18946647644043,
          3.8554224967956543
        ],
        "radius": 0.39833423495292664,
        "type": "circle"
      }
    ],
    "workspace_bounds": [
      0,
      10,
      0,
      8
    ],
    "robot_base_position": [
      0,
      0
    ],
    "generation_timestamp": null
  },
  "generation_timestamp": "2025-07-14T16:21:55.485800"
}