{
  "env_type": "circles",
  "difficulty": "easy",
  "resolution": 0.05,
  "noise_level": 0.01,
  "workspace_bounds": [
    -1,
    11,
    -1,
    11
  ],
  "clustering_eps": 0.3,
  "min_samples": 5,
  "obstacle_type": "auto",
  "num_points": 636,
  "num_obstacles": 4,
  "seed": 9820,
  "environment_details": {
    "environment_type": "circle_only",
    "config": {
      "num_obstacles": 4,
      "obstacle_size_range": [
        0.25,
        0.45
      ],
      "density_level": "sparse",
      "complexity_level": "simple",
      "spatial_distribution": "center",
      "workspace_utilization": 0.4,
      "min_distance_factor": 1.8
    },
    "num_obstacles": 4,
    "obstacles": [
      {
        "id": 0,
        "position": [
          5.550374507904053,
          3.3599376678466797
        ],
        "radius": 0.34671691060066223,
        "type": "circle"
      },
      {
        "id": 1,
        "position": [
          4.307619571685791,
          3.6220598220825195
        ],
        "radius": 0.3845364451408386,
        "type": "circle"
      },
      {
        "id": 2,
        "position": [
          5.691587924957275,
          4.737974643707275
        ],
        "radius": 0.2311885803937912,
        "type": "circle"
      },
      {
        "id": 3,
        "position": [
          4.437736511230469,
          4.660628318786621
        ],
        "radius": 0.4270675778388977,
        "type": "circle"
      }
    ],
    "workspace_bounds": [
      0,
      10,
      0,
      8
    ],
    "robot_base_position": [
      0,
      0
    ],
    "generation_timestamp": null
  },
  "generation_timestamp": "2025-07-14T16:52:45.039571"
}