{
  "env_type": "circles",
  "difficulty": "easy",
  "resolution": 0.05,
  "noise_level": 0.01,
  "workspace_bounds": [
    -1,
    11,
    -1,
    11
  ],
  "clustering_eps": 0.3,
  "min_samples": 5,
  "obstacle_type": "auto",
  "num_points": 566,
  "num_obstacles": 4,
  "seed": 5704,
  "environment_details": {
    "environment_type": "circle_only",
    "config": {
      "num_obstacles": 4,
      "obstacle_size_range": [
        0.25,
        0.45
      ],
      "density_level": "sparse",
      "complexity_level": "simple",
      "spatial_distribution": "center",
      "workspace_utilization": 0.4,
      "min_distance_factor": 1.8
    },
    "num_obstacles": 4,
    "obstacles": [
      {
        "id": 0,
        "position": [
          4.391798496246338,
          3.4810142517089844
        ],
        "radius": 0.2954385280609131,
        "type": "circle"
      },
      {
        "id": 1,
        "position": [
          5.6362199783325195,
          4.440306663513184
        ],
        "radius": 0.359112411737442,
        "type": "circle"
      },
      {
        "id": 2,
        "position": [
          6.221270561218262,
          4.7239179611206055
        ],
        "radius": 0.28022322058677673,
        "type": "circle"
      },
      {
        "id": 3,
        "position": [
          4.409204006195068,
          4.170326232910156
        ],
        "radius": 0.3972119092941284,
        "type": "circle"
      }
    ],
    "workspace_bounds": [
      0,
      10,
      0,
      8
    ],
    "robot_base_position": [
      0,
      0
    ],
    "generation_timestamp": null
  },
  "generation_timestamp": "2025-07-14T16:37:42.940708"
}