{
  "env_type": "circles",
  "difficulty": "easy",
  "resolution": 0.05,
  "noise_level": 0.01,
  "workspace_bounds": [
    -1,
    11,
    -1,
    11
  ],
  "clustering_eps": 0.3,
  "min_samples": 5,
  "obstacle_type": "auto",
  "num_points": 378,
  "num_obstacles": 4,
  "seed": 4855,
  "environment_details": {
    "environment_type": "circle_only",
    "config": {
      "num_obstacles": 4,
      "obstacle_size_range": [
        0.15,
        0.35
      ],
      "density_level": "sparse",
      "complexity_level": "simple",
      "spatial_distribution": "distributed",
      "workspace_utilization": 0.4,
      "min_distance_factor": 1.8
    },
    "num_obstacles": 4,
    "obstacles": [
      {
        "id": 0,
        "position": [
          6.30382776260376,
          2.5094690322875977
        ],
        "radius": 0.26381582021713257,
        "type": "circle"
      },
      {
        "id": 1,
        "position": [
          1.7099549770355225,
          2.571850299835205
        ],
        "radius": 0.2758557200431824,
        "type": "circle"
      },
      {
        "id": 2,
        "position": [
          5.924519062042236,
          0.9449784755706787
        ],
        "radius": 0.17863133549690247,
        "type": "circle"
      },
      {
        "id": 3,
        "position": [
          1.7660919427871704,
          1.5637233257293701
        ],
        "radius": 0.3427060544490814,
        "type": "circle"
      }
    ],
    "workspace_bounds": [
      0,
      10,
      0,
      8
    ],
    "robot_base_position": [
      0,
      0
    ],
    "generation_timestamp": null
  },
  "generation_timestamp": "2025-07-14T16:34:34.656163"
}