{
  "env_type": "circles",
  "difficulty": "easy",
  "resolution": 0.05,
  "noise_level": 0.01,
  "workspace_bounds": [
    -1,
    11,
    -1,
    11
  ],
  "clustering_eps": 0.3,
  "min_samples": 5,
  "obstacle_type": "auto",
  "num_points": 403,
  "num_obstacles": 4,
  "seed": 1325,
  "environment_details": {
    "environment_type": "circle_only",
    "config": {
      "num_obstacles": 4,
      "obstacle_size_range": [
        0.25,
        0.45
      ],
      "density_level": "sparse",
      "complexity_level": "simple",
      "spatial_distribution": "center",
      "workspace_utilization": 0.4,
      "min_distance_factor": 1.8
    },
    "num_obstacles": 4,
    "obstacles": [
      {
        "id": 0,
        "position": [
          5.470890522003174,
          4.241091728210449
        ],
        "radius": 0.21764810383319855,
        "type": "circle"
      },
      {
        "id": 1,
        "position": [
          4.526144981384277,
          4.130107879638672
        ],
        "radius": 0.3386674225330353,
        "type": "circle"
      },
      {
        "id": 2,
        "position": [
          5.037448883056641,
          3.2643940448760986
        ],
        "radius": 0.3052240312099457,
        "type": "circle"
      },
      {
        "id": 3,
        "position": [
          4.737438678741455,
          4.780508518218994
        ],
        "radius": 0.25072234869003296,
        "type": "circle"
      }
    ],
    "workspace_bounds": [
      0,
      10,
      0,
      8
    ],
    "robot_base_position": [
      0,
      0
    ],
    "generation_timestamp": null
  },
  "generation_timestamp": "2025-07-14T16:21:41.566138"
}