{
  "env_type": "circles",
  "difficulty": "random",
  "resolution": 0.05,
  "noise_level": 0.01,
  "workspace_bounds": [
    -1,
    11,
    -1,
    11
  ],
  "clustering_eps": 0.3,
  "min_samples": 5,
  "obstacle_type": "auto",
  "num_points": 4421,
  "num_obstacles": 4,
  "seed": 4294,
  "environment_details": {
    "environment_type": "circle_only",
    "config": {
      "num_obstacles": 4,
      "obstacle_size_range": [
        0.9,
        1.3
      ],
      "density_level": "medium",
      "complexity_level": "simple",
      "spatial_distribution": "center",
      "workspace_utilization": 0.3838935579783626,
      "min_distance_factor": 1.377212838019047
    },
    "num_obstacles": 4,
    "obstacles": [
      {
        "id": 0,
        "position": [
          5.191529273986816,
          3.9734151363372803
        ],
        "radius": 0.9780136942863464,
        "type": "circle"
      },
      {
        "id": 1,
        "position": [
          2.0241589546203613,
          2.1490204334259033
        ],
        "radius": 0.860526978969574,
        "type": "circle"
      },
      {
        "id": 2,
        "position": [
          6.906325340270996,
          2.843156099319458
        ],
        "radius": 0.9216619729995728,
        "type": "circle"
      },
      {
        "id": 3,
        "position": [
          3.047884225845337,
          5.644874095916748
        ],
        "radius": 0.9878872632980347,
        "type": "circle"
      }
    ],
    "workspace_bounds": [
      0,
      10,
      0,
      8
    ],
    "robot_base_position": [
      0,
      0
    ],
    "generation_timestamp": null
  },
  "generation_timestamp": "2025-07-14T16:32:32.956482"
}