{
  "env_type": "circles",
  "difficulty": "easy",
  "resolution": 0.05,
  "noise_level": 0.01,
  "workspace_bounds": [
    -1,
    11,
    -1,
    11
  ],
  "clustering_eps": 0.3,
  "min_samples": 5,
  "obstacle_type": "auto",
  "num_points": 301,
  "num_obstacles": 4,
  "seed": 3507,
  "environment_details": {
    "environment_type": "circle_only",
    "config": {
      "num_obstacles": 4,
      "obstacle_size_range": [
        0.15,
        0.35
      ],
      "density_level": "sparse",
      "complexity_level": "simple",
      "spatial_distribution": "center",
      "workspace_utilization": 0.4,
      "min_distance_factor": 1.8
    },
    "num_obstacles": 4,
    "obstacles": [
      {
        "id": 0,
        "position": [
          4.804323673248291,
          3.8511388301849365
        ],
        "radius": 0.15042266249656677,
        "type": "circle"
      },
      {
        "id": 1,
        "position": [
          5.15333366394043,
          4.312758922576904
        ],
        "radius": 0.33039727807044983,
        "type": "circle"
      },
      {
        "id": 2,
        "position": [
          4.746166706085205,
          4.528138637542725
        ],
        "radius": 0.19282175600528717,
        "type": "circle"
      },
      {
        "id": 3,
        "position": [
          6.2632222175598145,
          3.718458414077759
        ],
        "radius": 0.272449791431427,
        "type": "circle"
      }
    ],
    "workspace_bounds": [
      0,
      10,
      0,
      8
    ],
    "robot_base_position": [
      0,
      0
    ],
    "generation_timestamp": null
  },
  "generation_timestamp": "2025-07-14T16:29:43.050146"
}