{
  "env_type": "circles",
  "difficulty": "easy",
  "resolution": 0.05,
  "noise_level": 0.01,
  "workspace_bounds": [
    -1,
    11,
    -1,
    11
  ],
  "clustering_eps": 0.3,
  "min_samples": 5,
  "obstacle_type": "auto",
  "num_points": 750,
  "num_obstacles": 4,
  "seed": 3986,
  "environment_details": {
    "environment_type": "circle_only",
    "config": {
      "num_obstacles": 4,
      "obstacle_size_range": [
        0.25,
        0.45
      ],
      "density_level": "sparse",
      "complexity_level": "simple",
      "spatial_distribution": "center",
      "workspace_utilization": 0.4,
      "min_distance_factor": 1.8
    },
    "num_obstacles": 4,
    "obstacles": [
      {
        "id": 0,
        "position": [
          5.929130554199219,
          3.5302627086639404
        ],
        "radius": 0.4347410202026367,
        "type": "circle"
      },
      {
        "id": 1,
        "position": [
          5.034769058227539,
          4.142293930053711
        ],
        "radius": 0.21908767521381378,
        "type": "circle"
      },
      {
        "id": 2,
        "position": [
          5.155303478240967,
          3.2601983547210693
        ],
        "radius": 0.3611135184764862,
        "type": "circle"
      },
      {
        "id": 3,
        "position": [
          5.648830890655518,
          4.397613048553467
        ],
        "radius": 0.4742860794067383,
        "type": "circle"
      }
    ],
    "workspace_bounds": [
      0,
      10,
      0,
      8
    ],
    "robot_base_position": [
      0,
      0
    ],
    "generation_timestamp": null
  },
  "generation_timestamp": "2025-07-14T16:31:24.200895"
}