{
  "env_type": "circles",
  "difficulty": "random",
  "resolution": 0.05,
  "noise_level": 0.01,
  "workspace_bounds": [
    -1,
    11,
    -1,
    11
  ],
  "clustering_eps": 0.3,
  "min_samples": 5,
  "obstacle_type": "auto",
  "num_points": 1553,
  "num_obstacles": 4,
  "seed": 769,
  "environment_details": {
    "environment_type": "circle_only",
    "config": {
      "num_obstacles": 4,
      "obstacle_size_range": [
        0.1,
        1.0
      ],
      "density_level": "sparse",
      "complexity_level": "complex",
      "spatial_distribution": "edge",
      "workspace_utilization": 0.2601717564774582,
      "min_distance_factor": 2.024696593796892
    },
    "num_obstacles": 4,
    "obstacles": [
      {
        "id": 0,
        "position": [
          8.865966796875,
          1.924013614654541
        ],
        "radius": 0.27974605560302734,
        "type": "circle"
      },
      {
        "id": 1,
        "position": [
          7.525393009185791,
          4.738951683044434
        ],
        "radius": 0.3711254596710205,
        "type": "circle"
      },
      {
        "id": 2,
        "position": [
          3.0764381885528564,
          3.719083786010742
        ],
        "radius": 0.565533459186554,
        "type": "circle"
      },
      {
        "id": 3,
        "position": [
          4.65147590637207,
          7.252186298370361
        ],
        "radius": 0.8424303531646729,
        "type": "circle"
      }
    ],
    "workspace_bounds": [
      0,
      10,
      0,
      8
    ],
    "robot_base_position": [
      0,
      0
    ],
    "generation_timestamp": null
  },
  "generation_timestamp": "2025-07-14T16:19:37.966854"
}