{
  "env_type": "circles",
  "difficulty": "easy",
  "resolution": 0.05,
  "noise_level": 0.01,
  "workspace_bounds": [
    -1,
    11,
    -1,
    11
  ],
  "clustering_eps": 0.3,
  "min_samples": 5,
  "obstacle_type": "auto",
  "num_points": 585,
  "num_obstacles": 4,
  "seed": 3680,
  "environment_details": {
    "environment_type": "circle_only",
    "config": {
      "num_obstacles": 4,
      "obstacle_size_range": [
        0.25,
        0.45
      ],
      "density_level": "sparse",
      "complexity_level": "simple",
      "spatial_distribution": "center",
      "workspace_utilization": 0.4,
      "min_distance_factor": 1.8
    },
    "num_obstacles": 4,
    "obstacles": [
      {
        "id": 0,
        "position": [
          4.261306285858154,
          3.3070266246795654
        ],
        "radius": 0.19234627485275269,
        "type": "circle"
      },
      {
        "id": 1,
        "position": [
          4.581907749176025,
          4.525063514709473
        ],
        "radius": 0.43139025568962097,
        "type": "circle"
      },
      {
        "id": 2,
        "position": [
          6.116809844970703,
          4.485026836395264
        ],
        "radius": 0.40860554575920105,
        "type": "circle"
      },
      {
        "id": 3,
        "position": [
          5.755615711212158,
          3.2001283168792725
        ],
        "radius": 0.27373501658439636,
        "type": "circle"
      }
    ],
    "workspace_bounds": [
      0,
      10,
      0,
      8
    ],
    "robot_base_position": [
      0,
      0
    ],
    "generation_timestamp": null
  },
  "generation_timestamp": "2025-07-14T16:30:20.067732"
}