{
  "env_type": "circles",
  "difficulty": "random",
  "resolution": 0.05,
  "noise_level": 0.01,
  "workspace_bounds": [
    -1,
    11,
    -1,
    11
  ],
  "clustering_eps": 0.3,
  "min_samples": 5,
  "obstacle_type": "auto",
  "num_points": 393,
  "num_obstacles": 4,
  "seed": 4722,
  "environment_details": {
    "environment_type": "circle_only",
    "config": {
      "num_obstacles": 4,
      "obstacle_size_range": [
        0.15,
        0.35
      ],
      "density_level": "sparse",
      "complexity_level": "medium",
      "spatial_distribution": "arc",
      "workspace_utilization": 0.3998086126271021,
      "min_distance_factor": 2.2029412210848145
    },
    "num_obstacles": 4,
    "obstacles": [
      {
        "id": 0,
        "position": [
          3.9239580631256104,
          2.6945955753326416
        ],
        "radius": 0.27615511417388916,
        "type": "circle"
      },
      {
        "id": 1,
        "position": [
          1.5829811096191406,
          2.0058517456054688
        ],
        "radius": 0.3385612368583679,
        "type": "circle"
      },
      {
        "id": 2,
        "position": [
          1.5955350399017334,
          3.7581818103790283
        ],
        "radius": 0.28643620014190674,
        "type": "circle"
      },
      {
        "id": 3,
        "position": [
          5.247972011566162,
          1.5594849586486816
        ],
        "radius": 0.19675512611865997,
        "type": "circle"
      }
    ],
    "workspace_bounds": [
      0,
      10,
      0,
      8
    ],
    "robot_base_position": [
      0,
      0
    ],
    "generation_timestamp": null
  },
  "generation_timestamp": "2025-07-14T16:34:04.023790"
}