{
  "env_type": "circles",
  "difficulty": "easy",
  "resolution": 0.05,
  "noise_level": 0.01,
  "workspace_bounds": [
    -1,
    11,
    -1,
    11
  ],
  "clustering_eps": 0.3,
  "min_samples": 5,
  "obstacle_type": "auto",
  "num_points": 270,
  "num_obstacles": 4,
  "seed": 601,
  "environment_details": {
    "environment_type": "circle_only",
    "config": {
      "num_obstacles": 4,
      "obstacle_size_range": [
        0.15,
        0.35
      ],
      "density_level": "sparse",
      "complexity_level": "simple",
      "spatial_distribution": "center",
      "workspace_utilization": 0.4,
      "min_distance_factor": 1.8
    },
    "num_obstacles": 4,
    "obstacles": [
      {
        "id": 0,
        "position": [
          5.575848579406738,
          4.276303291320801
        ],
        "radius": 0.23917880654335022,
        "type": "circle"
      },
      {
        "id": 1,
        "position": [
          4.9412641525268555,
          4.288268566131592
        ],
        "radius": 0.11649429798126221,
        "type": "circle"
      },
      {
        "id": 2,
        "position": [
          5.924562931060791,
          3.614898681640625
        ],
        "radius": 0.27235841751098633,
        "type": "circle"
      },
      {
        "id": 3,
        "position": [
          5.565717697143555,
          4.806468486785889
        ],
        "radius": 0.26371273398399353,
        "type": "circle"
      }
    ],
    "workspace_bounds": [
      0,
      10,
      0,
      8
    ],
    "robot_base_position": [
      0,
      0
    ],
    "generation_timestamp": null
  },
  "generation_timestamp": "2025-07-14T16:19:00.968693"
}