{
  "env_type": "circles",
  "difficulty": "easy",
  "resolution": 0.05,
  "noise_level": 0.01,
  "workspace_bounds": [
    -1,
    11,
    -1,
    11
  ],
  "clustering_eps": 0.3,
  "min_samples": 5,
  "obstacle_type": "auto",
  "num_points": 286,
  "num_obstacles": 4,
  "seed": 5502,
  "environment_details": {
    "environment_type": "circle_only",
    "config": {
      "num_obstacles": 4,
      "obstacle_size_range": [
        0.15,
        0.35
      ],
      "density_level": "sparse",
      "complexity_level": "simple",
      "spatial_distribution": "distributed",
      "workspace_utilization": 0.4,
      "min_distance_factor": 1.8
    },
    "num_obstacles": 4,
    "obstacles": [
      {
        "id": 0,
        "position": [
          8.396913528442383,
          2.1875579357147217
        ],
        "radius": 0.2705058455467224,
        "type": "circle"
      },
      {
        "id": 1,
        "position": [
          4.114336967468262,
          4.434004306793213
        ],
        "radius": 0.21580135822296143,
        "type": "circle"
      },
      {
        "id": 2,
        "position": [
          1.0355764627456665,
          5.217883586883545
        ],
        "radius": 0.15612544119358063,
        "type": "circle"
      },
      {
        "id": 3,
        "position": [
          2.838191270828247,
          1.1807254552841187
        ],
        "radius": 0.28970450162887573,
        "type": "circle"
      }
    ],
    "workspace_bounds": [
      0,
      10,
      0,
      8
    ],
    "robot_base_position": [
      0,
      0
    ],
    "generation_timestamp": null
  },
  "generation_timestamp": "2025-07-14T16:36:56.717379"
}