{
  "env_type": "circles",
  "difficulty": "easy",
  "resolution": 0.05,
  "noise_level": 0.01,
  "workspace_bounds": [
    -1,
    11,
    -1,
    11
  ],
  "clustering_eps": 0.3,
  "min_samples": 5,
  "obstacle_type": "auto",
  "num_points": 498,
  "num_obstacles": 4,
  "seed": 1082,
  "environment_details": {
    "environment_type": "circle_only",
    "config": {
      "num_obstacles": 4,
      "obstacle_size_range": [
        0.15,
        0.35
      ],
      "density_level": "sparse",
      "complexity_level": "simple",
      "spatial_distribution": "distributed",
      "workspace_utilization": 0.4,
      "min_distance_factor": 1.8
    },
    "num_obstacles": 4,
    "obstacles": [
      {
        "id": 0,
        "position": [
          5.1598100662231445,
          4.006460666656494
        ],
        "radius": 0.18316954374313354,
        "type": "circle"
      },
      {
        "id": 1,
        "position": [
          1.7094128131866455,
          3.58296537399292
        ],
        "radius": 0.3729480803012848,
        "type": "circle"
      },
      {
        "id": 2,
        "position": [
          3.9419384002685547,
          1.3112120628356934
        ],
        "radius": 0.2357410490512848,
        "type": "circle"
      },
      {
        "id": 3,
        "position": [
          2.5653018951416016,
          2.265615940093994
        ],
        "radius": 0.41001951694488525,
        "type": "circle"
      }
    ],
    "workspace_bounds": [
      0,
      10,
      0,
      8
    ],
    "robot_base_position": [
      0,
      0
    ],
    "generation_timestamp": null
  },
  "generation_timestamp": "2025-07-14T16:20:49.853788"
}