{
  "env_type": "circles",
  "difficulty": "easy",
  "resolution": 0.05,
  "noise_level": 0.01,
  "workspace_bounds": [
    -1,
    11,
    -1,
    11
  ],
  "clustering_eps": 0.3,
  "min_samples": 5,
  "obstacle_type": "auto",
  "num_points": 538,
  "num_obstacles": 4,
  "seed": 1841,
  "environment_details": {
    "environment_type": "circle_only",
    "config": {
      "num_obstacles": 4,
      "obstacle_size_range": [
        0.15,
        0.35
      ],
      "density_level": "sparse",
      "complexity_level": "simple",
      "spatial_distribution": "center",
      "workspace_utilization": 0.4,
      "min_distance_factor": 1.8
    },
    "num_obstacles": 4,
    "obstacles": [
      {
        "id": 0,
        "position": [
          6.2634382247924805,
          4.48498010635376
        ],
        "radius": 0.4189271032810211,
        "type": "circle"
      },
      {
        "id": 1,
        "position": [
          4.904074192047119,
          4.182486534118652
        ],
        "radius": 0.23693688213825226,
        "type": "circle"
      },
      {
        "id": 2,
        "position": [
          4.2610955238342285,
          4.718916893005371
        ],
        "radius": 0.22998659312725067,
        "type": "circle"
      },
      {
        "id": 3,
        "position": [
          4.350100517272949,
          3.483490467071533
        ],
        "radius": 0.3782539367675781,
        "type": "circle"
      }
    ],
    "workspace_bounds": [
      0,
      10,
      0,
      8
    ],
    "robot_base_position": [
      0,
      0
    ],
    "generation_timestamp": null
  },
  "generation_timestamp": "2025-07-14T16:23:35.934044"
}