{
  "env_type": "circles",
  "difficulty": "easy",
  "resolution": 0.05,
  "noise_level": 0.01,
  "workspace_bounds": [
    -1,
    11,
    -1,
    11
  ],
  "clustering_eps": 0.3,
  "min_samples": 5,
  "obstacle_type": "auto",
  "num_points": 354,
  "num_obstacles": 4,
  "seed": 3319,
  "environment_details": {
    "environment_type": "circle_only",
    "config": {
      "num_obstacles": 4,
      "obstacle_size_range": [
        0.25,
        0.45
      ],
      "density_level": "sparse",
      "complexity_level": "simple",
      "spatial_distribution": "center",
      "workspace_utilization": 0.4,
      "min_distance_factor": 1.8
    },
    "num_obstacles": 4,
    "obstacles": [
      {
        "id": 0,
        "position": [
          4.2449116706848145,
          3.9375147819519043
        ],
        "radius": 0.23811866343021393,
        "type": "circle"
      },
      {
        "id": 1,
        "position": [
          4.9488139152526855,
          4.3199543952941895
        ],
        "radius": 0.29837116599082947,
        "type": "circle"
      },
      {
        "id": 2,
        "position": [
          5.0635666847229,
          3.610473394393921
        ],
        "radius": 0.2957622706890106,
        "type": "circle"
      },
      {
        "id": 3,
        "position": [
          6.223871231079102,
          4.1464524269104
        ],
        "radius": 0.22813008725643158,
        "type": "circle"
      }
    ],
    "workspace_bounds": [
      0,
      10,
      0,
      8
    ],
    "robot_base_position": [
      0,
      0
    ],
    "generation_timestamp": null
  },
  "generation_timestamp": "2025-07-14T16:29:05.590667"
}