{
  "env_type": "circles",
  "difficulty": "easy",
  "resolution": 0.05,
  "noise_level": 0.01,
  "workspace_bounds": [
    -1,
    11,
    -1,
    11
  ],
  "clustering_eps": 0.3,
  "min_samples": 5,
  "obstacle_type": "auto",
  "num_points": 693,
  "num_obstacles": 4,
  "seed": 8703,
  "environment_details": {
    "environment_type": "circle_only",
    "config": {
      "num_obstacles": 4,
      "obstacle_size_range": [
        0.25,
        0.45
      ],
      "density_level": "sparse",
      "complexity_level": "simple",
      "spatial_distribution": "center",
      "workspace_utilization": 0.4,
      "min_distance_factor": 1.8
    },
    "num_obstacles": 4,
    "obstacles": [
      {
        "id": 0,
        "position": [
          5.768226146697998,
          4.310772895812988
        ],
        "radius": 0.1995965540409088,
        "type": "circle"
      },
      {
        "id": 1,
        "position": [
          5.637556552886963,
          3.4238698482513428
        ],
        "radius": 0.24150922894477844,
        "type": "circle"
      },
      {
        "id": 2,
        "position": [
          4.9168477058410645,
          4.647980690002441
        ],
        "radius": 0.47385865449905396,
        "type": "circle"
      },
      {
        "id": 3,
        "position": [
          4.717700958251953,
          4.023970127105713
        ],
        "radius": 0.5345873832702637,
        "type": "circle"
      }
    ],
    "workspace_bounds": [
      0,
      10,
      0,
      8
    ],
    "robot_base_position": [
      0,
      0
    ],
    "generation_timestamp": null
  },
  "generation_timestamp": "2025-07-14T16:48:49.008453"
}