{
  "env_type": "circles",
  "difficulty": "easy",
  "resolution": 0.05,
  "noise_level": 0.01,
  "workspace_bounds": [
    -1,
    11,
    -1,
    11
  ],
  "clustering_eps": 0.3,
  "min_samples": 5,
  "obstacle_type": "auto",
  "num_points": 623,
  "num_obstacles": 4,
  "seed": 9737,
  "environment_details": {
    "environment_type": "circle_only",
    "config": {
      "num_obstacles": 4,
      "obstacle_size_range": [
        0.25,
        0.45
      ],
      "density_level": "sparse",
      "complexity_level": "simple",
      "spatial_distribution": "center",
      "workspace_utilization": 0.4,
      "min_distance_factor": 1.8
    },
    "num_obstacles": 4,
    "obstacles": [
      {
        "id": 0,
        "position": [
          5.4428629875183105,
          3.949582815170288
        ],
        "radius": 0.46769294142723083,
        "type": "circle"
      },
      {
        "id": 1,
        "position": [
          4.656631946563721,
          4.151514530181885
        ],
        "radius": 0.29917705059051514,
        "type": "circle"
      },
      {
        "id": 2,
        "position": [
          6.080333232879639,
          4.539262294769287
        ],
        "radius": 0.27120456099510193,
        "type": "circle"
      },
      {
        "id": 3,
        "position": [
          4.499333381652832,
          3.4604246616363525
        ],
        "radius": 0.3289862275123596,
        "type": "circle"
      }
    ],
    "workspace_bounds": [
      0,
      10,
      0,
      8
    ],
    "robot_base_position": [
      0,
      0
    ],
    "generation_timestamp": null
  },
  "generation_timestamp": "2025-07-14T16:52:28.596646"
}