{
  "env_type": "circles",
  "difficulty": "easy",
  "resolution": 0.05,
  "noise_level": 0.01,
  "workspace_bounds": [
    -1,
    11,
    -1,
    11
  ],
  "clustering_eps": 0.3,
  "min_samples": 5,
  "obstacle_type": "auto",
  "num_points": 613,
  "num_obstacles": 4,
  "seed": 7564,
  "environment_details": {
    "environment_type": "circle_only",
    "config": {
      "num_obstacles": 4,
      "obstacle_size_range": [
        0.25,
        0.45
      ],
      "density_level": "sparse",
      "complexity_level": "simple",
      "spatial_distribution": "distributed",
      "workspace_utilization": 0.4,
      "min_distance_factor": 1.8
    },
    "num_obstacles": 4,
    "obstacles": [
      {
        "id": 0,
        "position": [
          4.989238739013672,
          0.8417591452598572
        ],
        "radius": 0.3539775311946869,
        "type": "circle"
      },
      {
        "id": 1,
        "position": [
          2.130180835723877,
          0.8735920190811157
        ],
        "radius": 0.42422229051589966,
        "type": "circle"
      },
      {
        "id": 2,
        "position": [
          7.937413692474365,
          0.5959100723266602
        ],
        "radius": 0.3217422366142273,
        "type": "circle"
      },
      {
        "id": 3,
        "position": [
          1.3544847965240479,
          7.390803813934326
        ],
        "radius": 0.2877863347530365,
        "type": "circle"
      }
    ],
    "workspace_bounds": [
      0,
      10,
      0,
      8
    ],
    "robot_base_position": [
      0,
      0
    ],
    "generation_timestamp": null
  },
  "generation_timestamp": "2025-07-14T16:44:32.715889"
}