{
  "env_type": "circles",
  "difficulty": "easy",
  "resolution": 0.05,
  "noise_level": 0.01,
  "workspace_bounds": [
    -1,
    11,
    -1,
    11
  ],
  "clustering_eps": 0.3,
  "min_samples": 5,
  "obstacle_type": "auto",
  "num_points": 786,
  "num_obstacles": 4,
  "seed": 9922,
  "environment_details": {
    "environment_type": "circle_only",
    "config": {
      "num_obstacles": 4,
      "obstacle_size_range": [
        0.25,
        0.45
      ],
      "density_level": "sparse",
      "complexity_level": "simple",
      "spatial_distribution": "distributed",
      "workspace_utilization": 0.4,
      "min_distance_factor": 1.8
    },
    "num_obstacles": 4,
    "obstacles": [
      {
        "id": 0,
        "position": [
          2.5767431259155273,
          2.815347671508789
        ],
        "radius": 0.23949404060840607,
        "type": "circle"
      },
      {
        "id": 1,
        "position": [
          2.6084721088409424,
          6.427937984466553
        ],
        "radius": 0.32965999841690063,
        "type": "circle"
      },
      {
        "id": 2,
        "position": [
          4.3701558113098145,
          6.4049506187438965
        ],
        "radius": 0.48561105132102966,
        "type": "circle"
      },
      {
        "id": 3,
        "position": [
          7.052616119384766,
          3.8391058444976807
        ],
        "radius": 0.4705997109413147,
        "type": "circle"
      }
    ],
    "workspace_bounds": [
      0,
      10,
      0,
      8
    ],
    "robot_base_position": [
      0,
      0
    ],
    "generation_timestamp": null
  },
  "generation_timestamp": "2025-07-14T16:53:05.354142"
}