{
  "env_type": "circles",
  "difficulty": "easy",
  "resolution": 0.05,
  "noise_level": 0.01,
  "workspace_bounds": [
    -1,
    11,
    -1,
    11
  ],
  "clustering_eps": 0.3,
  "min_samples": 5,
  "obstacle_type": "auto",
  "num_points": 349,
  "num_obstacles": 4,
  "seed": 6502,
  "environment_details": {
    "environment_type": "circle_only",
    "config": {
      "num_obstacles": 4,
      "obstacle_size_range": [
        0.15,
        0.35
      ],
      "density_level": "sparse",
      "complexity_level": "simple",
      "spatial_distribution": "distributed",
      "workspace_utilization": 0.4,
      "min_distance_factor": 1.8
    },
    "num_obstacles": 4,
    "obstacles": [
      {
        "id": 0,
        "position": [
          9.238423347473145,
          7.343827724456787
        ],
        "radius": 0.3626220226287842,
        "type": "circle"
      },
      {
        "id": 1,
        "position": [
          2.755329132080078,
          3.3452045917510986
        ],
        "radius": 0.23282025754451752,
        "type": "circle"
      },
      {
        "id": 2,
        "position": [
          5.388920307159424,
          6.6255621910095215
        ],
        "radius": 0.19956223666667938,
        "type": "circle"
      },
      {
        "id": 3,
        "position": [
          4.982542991638184,
          2.410775899887085
        ],
        "radius": 0.22436213493347168,
        "type": "circle"
      }
    ],
    "workspace_bounds": [
      0,
      10,
      0,
      8
    ],
    "robot_base_position": [
      0,
      0
    ],
    "generation_timestamp": null
  },
  "generation_timestamp": "2025-07-14T16:40:42.339304"
}