{
  "env_type": "circles",
  "difficulty": "random",
  "resolution": 0.05,
  "noise_level": 0.01,
  "workspace_bounds": [
    -1,
    11,
    -1,
    11
  ],
  "clustering_eps": 0.3,
  "min_samples": 5,
  "obstacle_type": "auto",
  "num_points": 1892,
  "num_obstacles": 4,
  "seed": 6719,
  "environment_details": {
    "environment_type": "circle_only",
    "config": {
      "num_obstacles": 4,
      "obstacle_size_range": [
        0.5,
        0.8
      ],
      "density_level": "sparse",
      "complexity_level": "medium",
      "spatial_distribution": "edge",
      "workspace_utilization": 0.2967006539367802,
      "min_distance_factor": 2.213846638493981
    },
    "num_obstacles": 4,
    "obstacles": [
      {
        "id": 0,
        "position": [
          8.625208854675293,
          3.616711378097534
        ],
        "radius": 0.4656108617782593,
        "type": "circle"
      },
      {
        "id": 1,
        "position": [
          3.3326869010925293,
          6.200899600982666
        ],
        "radius": 0.8032674789428711,
        "type": "circle"
      },
      {
        "id": 2,
        "position": [
          9.114397048950195,
          1.8231185674667358
        ],
        "radius": 0.43912604451179504,
        "type": "circle"
      },
      {
        "id": 3,
        "position": [
          7.160468101501465,
          2.1154608726501465
        ],
        "radius": 0.6694042086601257,
        "type": "circle"
      }
    ],
    "workspace_bounds": [
      0,
      10,
      0,
      8
    ],
    "robot_base_position": [
      0,
      0
    ],
    "generation_timestamp": null
  },
  "generation_timestamp": "2025-07-14T16:41:29.637094"
}