{
  "env_type": "circles",
  "difficulty": "easy",
  "resolution": 0.05,
  "noise_level": 0.01,
  "workspace_bounds": [
    -1,
    11,
    -1,
    11
  ],
  "clustering_eps": 0.3,
  "min_samples": 5,
  "obstacle_type": "auto",
  "num_points": 338,
  "num_obstacles": 4,
  "seed": 4239,
  "environment_details": {
    "environment_type": "circle_only",
    "config": {
      "num_obstacles": 4,
      "obstacle_size_range": [
        0.15,
        0.35
      ],
      "density_level": "sparse",
      "complexity_level": "simple",
      "spatial_distribution": "distributed",
      "workspace_utilization": 0.4,
      "min_distance_factor": 1.8
    },
    "num_obstacles": 4,
    "obstacles": [
      {
        "id": 0,
        "position": [
          6.389041900634766,
          4.605214595794678
        ],
        "radius": 0.2708163857460022,
        "type": "circle"
      },
      {
        "id": 1,
        "position": [
          1.7284421920776367,
          4.009305953979492
        ],
        "radius": 0.1640481799840927,
        "type": "circle"
      },
      {
        "id": 2,
        "position": [
          6.420271396636963,
          5.2253289222717285
        ],
        "radius": 0.3092833459377289,
        "type": "circle"
      },
      {
        "id": 3,
        "position": [
          3.2404487133026123,
          0.8154918551445007
        ],
        "radius": 0.26688623428344727,
        "type": "circle"
      }
    ],
    "workspace_bounds": [
      0,
      10,
      0,
      8
    ],
    "robot_base_position": [
      0,
      0
    ],
    "generation_timestamp": null
  },
  "generation_timestamp": "2025-07-14T16:32:21.385633"
}