{
  "env_type": "circles",
  "difficulty": "random",
  "resolution": 0.05,
  "noise_level": 0.01,
  "workspace_bounds": [
    -1,
    11,
    -1,
    11
  ],
  "clustering_eps": 0.3,
  "min_samples": 5,
  "obstacle_type": "auto",
  "num_points": 1612,
  "num_obstacles": 4,
  "seed": 10006,
  "environment_details": {
    "environment_type": "circle_only",
    "config": {
      "num_obstacles": 4,
      "obstacle_size_range": [
        0.1,
        1.0
      ],
      "density_level": "dense",
      "complexity_level": "complex",
      "spatial_distribution": "line",
      "workspace_utilization": 0.2912632205430686,
      "min_distance_factor": 0.3599141537595566
    },
    "num_obstacles": 4,
    "obstacles": [
      {
        "id": 0,
        "position": [
          1.0003496408462524,
          3.379755973815918
        ],
        "radius": 0.2238626331090927,
        "type": "circle"
      },
      {
        "id": 1,
        "position": [
          8.089948654174805,
          1.3793754577636719
        ],
        "radius": 0.23940406739711761,
        "type": "circle"
      },
      {
        "id": 2,
        "position": [
          2.345975637435913,
          4.858479976654053
        ],
        "radius": 0.28752708435058594,
        "type": "circle"
      },
      {
        "id": 3,
        "position": [
          9.02012825012207,
          0.8523450493812561
        ],
        "radius": 1.0576962232589722,
        "type": "circle"
      }
    ],
    "workspace_bounds": [
      0,
      10,
      0,
      8
    ],
    "robot_base_position": [
      0,
      0
    ],
    "generation_timestamp": null
  },
  "generation_timestamp": "2025-07-14T16:53:22.579580"
}