{
  "env_type": "circles",
  "difficulty": "easy",
  "resolution": 0.05,
  "noise_level": 0.01,
  "workspace_bounds": [
    -1,
    11,
    -1,
    11
  ],
  "clustering_eps": 0.3,
  "min_samples": 5,
  "obstacle_type": "auto",
  "num_points": 266,
  "num_obstacles": 4,
  "seed": 9767,
  "environment_details": {
    "environment_type": "circle_only",
    "config": {
      "num_obstacles": 4,
      "obstacle_size_range": [
        0.15,
        0.35
      ],
      "density_level": "sparse",
      "complexity_level": "simple",
      "spatial_distribution": "distributed",
      "workspace_utilization": 0.4,
      "min_distance_factor": 1.8
    },
    "num_obstacles": 4,
    "obstacles": [
      {
        "id": 0,
        "position": [
          6.691030025482178,
          1.241391658782959
        ],
        "radius": 0.23651592433452606,
        "type": "circle"
      },
      {
        "id": 1,
        "position": [
          1.1245636940002441,
          6.625016212463379
        ],
        "radius": 0.26523327827453613,
        "type": "circle"
      },
      {
        "id": 2,
        "position": [
          2.476512908935547,
          3.9653241634368896
        ],
        "radius": 0.22403299808502197,
        "type": "circle"
      },
      {
        "id": 3,
        "position": [
          7.156909942626953,
          4.0543107986450195
        ],
        "radius": 0.19481103122234344,
        "type": "circle"
      }
    ],
    "workspace_bounds": [
      0,
      10,
      0,
      8
    ],
    "robot_base_position": [
      0,
      0
    ],
    "generation_timestamp": null
  },
  "generation_timestamp": "2025-07-14T16:52:34.553676"
}