{
  "env_type": "circles",
  "difficulty": "random",
  "resolution": 0.05,
  "noise_level": 0.01,
  "workspace_bounds": [
    -1,
    11,
    -1,
    11
  ],
  "clustering_eps": 0.3,
  "min_samples": 5,
  "obstacle_type": "auto",
  "num_points": 3050,
  "num_obstacles": 4,
  "seed": 7651,
  "environment_details": {
    "environment_type": "circle_only",
    "config": {
      "num_obstacles": 4,
      "obstacle_size_range": [
        0.7,
        1.0
      ],
      "density_level": "dense",
      "complexity_level": "medium",
      "spatial_distribution": "distributed",
      "workspace_utilization": 0.44248411918319575,
      "min_distance_factor": 0.5922195548433624
    },
    "num_obstacles": 4,
    "obstacles": [
      {
        "id": 0,
        "position": [
          1.8395054340362549,
          5.539793491363525
        ],
        "radius": 1.1703869104385376,
        "type": "circle"
      },
      {
        "id": 1,
        "position": [
          4.172446250915527,
          3.878401517868042
        ],
        "radius": 0.8235706090927124,
        "type": "circle"
      },
      {
        "id": 2,
        "position": [
          3.9195871353149414,
          0.84381103515625
        ],
        "radius": 0.37495431303977966,
        "type": "circle"
      },
      {
        "id": 3,
        "position": [
          8.646560668945312,
          2.9207847118377686
        ],
        "radius": 0.4848337173461914,
        "type": "circle"
      }
    ],
    "workspace_bounds": [
      0,
      10,
      0,
      8
    ],
    "robot_base_position": [
      0,
      0
    ],
    "generation_timestamp": null
  },
  "generation_timestamp": "2025-07-14T16:44:53.267550"
}