{
  "env_type": "circles",
  "difficulty": "easy",
  "resolution": 0.05,
  "noise_level": 0.01,
  "workspace_bounds": [
    -1,
    11,
    -1,
    11
  ],
  "clustering_eps": 0.3,
  "min_samples": 5,
  "obstacle_type": "auto",
  "num_points": 240,
  "num_obstacles": 4,
  "seed": 4084,
  "environment_details": {
    "environment_type": "circle_only",
    "config": {
      "num_obstacles": 4,
      "obstacle_size_range": [
        0.15,
        0.35
      ],
      "density_level": "sparse",
      "complexity_level": "simple",
      "spatial_distribution": "center",
      "workspace_utilization": 0.4,
      "min_distance_factor": 1.8
    },
    "num_obstacles": 4,
    "obstacles": [
      {
        "id": 0,
        "position": [
          6.209238052368164,
          4.4598588943481445
        ],
        "radius": 0.1681826114654541,
        "type": "circle"
      },
      {
        "id": 1,
        "position": [
          5.126031398773193,
          4.306880950927734
        ],
        "radius": 0.23906967043876648,
        "type": "circle"
      },
      {
        "id": 2,
        "position": [
          6.14820671081543,
          3.789625406265259
        ],
        "radius": 0.27993902564048767,
        "type": "circle"
      },
      {
        "id": 3,
        "position": [
          4.335655689239502,
          3.9410464763641357
        ],
        "radius": 0.16193923354148865,
        "type": "circle"
      }
    ],
    "workspace_bounds": [
      0,
      10,
      0,
      8
    ],
    "robot_base_position": [
      0,
      0
    ],
    "generation_timestamp": null
  },
  "generation_timestamp": "2025-07-14T16:31:47.230082"
}