{
  "twist_normalization": {
    "method": "standardization",
    "angular": {
      "mean": [
        0.0,
        0.0,
        0.09499186277389526
      ],
      "std": [
        0.0,
        0.0,
        1.6373817920684814
      ],
      "overall_mean": 0.983318567276001,
      "overall_std": 1.312684178352356
    },
    "linear": {
      "mean": [
        0.18864428997039795,
        0.5460797548294067,
        0.0
      ],
      "std": [
        4.2741007804870605,
        3.9383773803710938,
        0.0
      ],
      "overall_mean": 5.312349796295166,
      "overall_std": 2.427233934402466
    },
    "total": {
      "mean": [
        0.0,
        0.0,
        0.09499186277389526,
        0.18864428997039795,
        0.5460797548294067,
        0.0
      ],
      "std": [
        0.0,
        0.0,
        1.6373817920684814,
        4.2741007804870605,
        3.9383773803710938,
        0.0
      ],
      "overall_mean": 5.48191499710083,
      "overall_std": 2.5983049869537354
    }
  },
  "data_info": {
    "samples_used": 5000,
    "dataset_size": 101456
  }
}